"Garden_ID";"Disturbance";"Allolobophora_chlorotica_chlorotica";"Allolobophora_icterica";"Aporrectodea_caliginosa_caliginosa";"Aporrectodea_caliginosa_nocturna";"Aporrectodea_caliginosa_tuberculata";"Aporrectodea_giardi_giardi";"Aporrectodea_longa_longa";"Aporrectodea_longa_ripicola";"Aporrectodea_rosea_rosea";"Dendrobaena_octaedra";"Dendrodrilus_rubidus_rubidus";"Dendrodrilus_subrubicundus";"Lumbricus_castaneus";"Lumbricus_festivus";"Lumbricus_rubellus_rubellus";"Lumbricus_terrestris";"Octolasion_cyaneum";"Octolasion_tyrtaeum_lacteum";"Bourletiella_hortensis";"Ceratophysella_bengtssoni";"Ceratophysella_denticulata";"Choreutinula_inermis";"Cryptopygus_thermophilus";"Desoria_violacea";"Dicyrtomina_ornata";"Entomobrya_marginata";"Entomobrya_multifasciata";"Folsomia_candida";"Folsomia_quadrioculata";"Folsomia_similis";"Folsomia_spinosa";"Folsomides_parvulus";"Heteromurus_nitidus";"Hypogastrura_purpurescens";"Isotoma_viridis";"Isotomiella_minor";"Isotomurus_balteatus";"Isotomurus_graminis";"Isotomurus_palustris";"Kalaphorura_burmeisteri";"Lepidocyrtus_cyaneus";"Lepidocyrtus_lignorum";"Lepidocyrtus_violaceus";"Megalothorax_minimus";"Mesaphorura_macrochaeta";"Metaphorura_affinis";"Neanura_muscorum";"Onychiuroides_granulosus";"Parisotoma_notabilis";"Pogonognathellus_flavescens";"Protaphorura_pulvinata";"Pseudosinella_alba";"Pseudosinella_petterseni";"Schoettella_ununguiculata";"Sminthurinus_aureus";"Sphaeridia_pumilis";"Stenaphorura_denisi";"Androniscus_roseus";"Armadillidium_nasatum";"Armadillidium_versicolor";"Armadillidium_vulgare";"Cylisticus_convexus";"Haplophthalmus_danicus";"Haplophthalmus_mengei";"Hyloniscus_riparius";"Ligidium_hypnorum";"Oniscus_asellus";"Philoscia_muscorum";"Platyarthrus_hoffmannseggi";"Porcellio_scaber";"Porcellionides_pruinosus";"Trachelipus_rathkii";"Trichoniscus_pygmaeus";"Acicula_lineata";"Aegopinella_minor";"Aegopinella_nitens";"Aegopinella_pura";"Arion_sp";"Boettgerilla_pallens";"Carychium_tridentatum";"Cecilioides_acicula";"Cepaea_hortensis";"Cepaea_nemoralis";"Cepaea_sp";"Cochlicopa_lubrica_or_lubricella";"Columella_edentula";"Deroceras_sp";"Discus_rotundatus";"Fruticicola_fruticum";"Galba_truncatula";"Helix_pomatia";"Hygromia_cinctella";"Laciniaria_plicata";"Limax_maximus";"Monachoides_incarnatus";"Nesovitrea_hammonis";"Oxychilus_cellarius";"Oxychilus_draparnaudi";"Oxychilus_sp";"Paralaoma_servilis";"Punctum_pygmaeum";"Pupilla_muscorum";"Succinea_putris";"Succinella_oblonga";"Tandonia_budapestensis";"Trochulus_clandestinus";"Trochulus_sericeus";"Trochulus_sp";"Vallonia_costata";"Vallonia_excentrica";"Vallonia_pulchella";"Vallonia_sp";"Vertigo_antivertigo";"Vertigo_pusilla";"Vertigo_pygmaea";"Vertigo_sp";"Vitrea_contracta";"Vitrea_crystallina";"Vitrinobrachium_breve";"Macrogastra_attenuata"
1;"Extensive";0;1;0;0;0;0;1;0;0;0;0;0;0;0;0;1;0;0;0;0;0;0;0;0;0;0;0;0;93;0;0;0;0;0;0;12;0;0;0;0;0;0;0;0;0;0;0;0;74;0;0;0;19;0;5;0;0;0;0;0;0;0;0;0;3.2;0;0;12;0;0.2;0;8.4;0;0;0;0;0;0.4;0;0;0;0;0;0;0;0;0.2;0;0;0;0;0;0;0;0;0;0;0;0;0;0;0;0;0;0;0;0;0.3;0;0;0;0;0;0;0;0;0;0;0;0
2;"Extensive";0;0;0;1;0;0;1;0;7;0;0;0;0;0;0;4;0;0;0;0;0;0;0;0;0;0;0;0;3;0;0;0;3;0;3;8;0;0;0;0;0;2;0;0;0;0;0;0;36;2;20;0;0;0;13;0;0;0;0;0;0;0;0;0;1.4;0;2.2;9;0;0.8;0;1;0;0;0;0;0;0.3;0;0;0;0;0;0;0;0;0.3;0;0;0;0;0;0;0;0;0;0;0;0;0;0;0;0;0;0;0;0;0.1;0;0;0;0;0;0;0;0;0;0;0;0
3;"Extensive";0;0;0;0;0;0;0;0;0;0;0;0;0;0;0;1;0;1;2;0;0;0;2;0;0;0;0;0;0;0;3;0;0;0;0;0;1;0;0;0;0;0;0;0;0;0;0;0;1;0;1;0;3;0;0;0;0;0;0;0;0;0;0;0;0;0;0;1;0;64.8;0.4;0;0;0;0;0;0.1;1.3;0;0;0;0;0.2;0;0;0;0.8;0;0;0;0;1.3;0;0;0;0;0;0;0;0;0;0;0;0;0;0.2;0.6;0.1;0.2;0.1;0.1;0.2;0;0;0;0;0;0;0;0
4;"Extensive";0;0;0;0;0;0;0;1;0;0;0;0;0;0;0;0;0;0;0;0;0;0;0;0;0;0;0;0;1;0;0;0;0;0;1;7;0;0;0;0;0;0;0;0;0;0;0;0;76;0;52;0;0;0;34;0;0;0;0;0;0;0;0;0;0.2;0;0.4;3.4;0;1.2;0;0;0;0;0;0;0;0.3;0;0.1;0;0;0;0;0;0;2;0;0;0;0;0;0;0;0;0;0;0;0;0;0;0;0;0;0;0.1;0.2;0;0;0;0;0;0;0;0;0;0;0;0;0
5;"Extensive";1;0;0;0;0;0;0;0;2;0;0;0;0;0;0;0;0;0;0;0;0;0;3;0;0;0;0;0;0;0;0;1;0;0;0;0;0;0;0;0;0;4;0;0;0;0;0;0;20;0;9;4;21;0;2;0;0;0;0;0;0;0;0;0;0;0;0.6;0;0;2.2;0;0.4;0;0;0;0;0;0;0;0;0.1;0;0;0;0;0;1;0;0;0;0;0;0;0;0;0;0;0;0;0;0;0;0;0;0.1;0;0.1;0.1;0;0;0;0.1;0;0;0;0;0;0;0;0
6;"Extensive";1;1;0;2;1;0;0;0;1;0;0;0;0;0;0;1;0;0;0;0;0;0;2;0;0;0;0;0;0;0;0;2;0;0;10;15;0;0;0;0;0;0;0;0;0;0;0;0;2;0;36;0;21;0;4;0;0;0;0;0;0;0;0;0;1;0;0.2;0;0;1.6;0;1.4;0;0;0;0;0;0.4;0;0;0;0;0;0;0;0;0.5;0;0;0;0.1;0.1;0;0;0;0;0;0;0;0;0;0;0;0.1;0;0;0;0;0.3;0;0;0;0;0;0;0;0;0;0;0
7;"Extensive";43;1;0;0;0;0;0;0;0;0;0;0;0;0;0;0;0;0;0;0;0;0;0;0;0;0;0;0;0;0;0;0;6;0;0;17;0;0;0;0;0;0;0;0;3;0;0;0;147;0;58;0;4;0;12;3;0;0;0;0;0;0;0;0;1.4;0;0.2;11.8;0;0;0;1.6;0;0;0;0;0;0.7;0;0;0;0;0;0;0;0;0;0;0.3;0;0;0.8;0;0;0;0;0;0;0.1;0;0.1;0;0;0;0;0.1;0.1;0.4;0;0;0;0;0;0;0;0;0;0;0.2;0.1
8;"Extensive";0;0;0;0;0;0;1;1;0;0;0;0;0;0;0;0;0;0;0;0;0;0;0;0;0;0;0;0;30;6;0;0;3;0;0;11;0;0;0;0;0;0;0;0;0;0;0;0;2;1;30;0;0;0;5;0;0;0;0;0;0;0;0;0;5;0;7.6;15.2;0;113.4;0;0;0;0;0;0;0;1.1;0;0;0;0;0.1;0;0;0;0.7;0;0;0;0;0;0;0;0;0;0.6;0;0;0;0;0;0;0;0;0;0;0;0;0;0;0;0;0;0;0;0;0;0;0
9;"Extensive";0;0;0;3;0;0;0;0;2;0;0;0;0;0;0;1;0;0;0;0;0;0;0;0;0;0;0;0;54;0;0;0;0;0;0;1;0;0;0;0;0;0;0;0;0;0;0;0;25;0;21;0;0;0;26;0;0;0;0;0;0;0;0;0;0.2;0;0;0;0;39.2;0;0;0;0;0;0;0;0.4;0;0;0;0;0;0;0;0;1.3;0;0;0;0;0;0;0;0;0;0;0;0;0;0;0;0;0;0;0;0.3;1;0.2;0;0;0;0;0;0;0;0;0;0;0
10;"Extensive";0;0;1;0;0;0;0;0;0;0;0;0;0;0;0;2;0;0;0;0;1;0;0;0;0;0;0;0;0;6;0;0;0;0;0;4;0;0;0;0;0;0;0;0;0;0;0;0;34;0;22;0;0;0;24;0;0;0.2;0;0;0;0;0;0;0;0;0;0;0;3.2;0.4;5.6;0;0;0;0;0;0.6;0;0;0;0;0;0;0;0;1.2;0;0;0;0;0;0;0;0;0;0;0;0;0;0;0;0;0;0;0.1;0;0;0;0;0;0;0;0;0;0;0;0;0;0
11;"Extensive";0;0;0;0;2;0;0;0;0;0;0;0;0;0;0;0;0;0;0;0;0;0;0;0;0;0;0;0;0;0;0;0;0;0;2;1;0;0;0;0;0;3;0;0;0;0;0;0;90;1;0;0;0;0;83;0;0;0.4;0;0;0;0;0;0;0;0;0.4;0;0;37.6;0;0.4;0;0;0;0;0;0.5;0;0;0;0;0;0.1;0.3;0;2.1;0.1;0;0;0.1;0.1;0;0;0;0;0;0;0;0;0;0;0;0;0;0;0;0.4;0;0.4;0.4;0;0;0;0;0;0;0;0;0
12;"Extensive";0;2;0;2;0;0;1;1;1;0;0;0;0;0;0;1;0;0;0;0;0;0;0;0;0;0;0;0;2;0;1;0;0;0;0;1;0;0;0;0;0;0;0;0;0;0;0;0;0;0;2;0;3;0;1;0;0;0;0;0;0;0;0;0;1;0;0.2;0.4;0;22.8;0;5.6;0;0;0;0;0;0.5;0.1;0;0;0;0;0.1;0;0;0.4;0;0;0;0;0.3;0;0;0;0;0;0;0;0;0;0;0;0;0;0;0;0;0;0;0;0;0;0;0;0;0;0;0;0
13;"Extensive";0;0;0;0;0;0;1;0;0;0;0;0;0;0;0;0;0;0;8;0;0;0;0;0;0;0;0;0;0;5;0;0;5;0;0;4;0;0;0;0;0;0;0;0;4;0;0;0;10;1;6;0;0;0;0;0;0;0.2;0;0;0;0;0;0;0.6;0;0;2.4;0;18;1.6;54;0;0;0;0;0;0;0;0.2;0.1;0;0;0;0.1;0;1.6;0.1;0;0;0;0.6;0;0;0;0;0;0;0;0;0;0;0;0;0;0;0;0;0.4;0;0.6;0.4;0.1;0;0;0;0;0;0.1;0
14;"Extensive";3;0;6;0;0;0;3;0;0;0;0;0;0;0;0;2;0;0;6;0;0;0;0;0;0;0;0;0;0;0;0;0;0;0;0;5;0;0;0;0;0;3;0;0;0;0;0;0;0;0;4;2;0;0;0;0;0;0;0;0;0;0;0;0;0;0;6;46.6;0;179.4;0;0.4;0;0;0;0;0;0.6;0;0;0;0;0;0;0;0;0.4;0;0;0;0;0.2;0;0.1;0;0;0.1;0;0;0;0;0;0;0;0;0;0;0;0;0;0;0;0;0;0;0;0;0;0;0
15;"Extensive";1;0;2;0;0;0;0;1;0;0;0;0;0;0;0;0;0;0;0;0;0;0;0;0;0;0;0;0;0;0;0;0;0;0;0;0;0;0;0;0;0;0;0;0;0;0;0;0;3;0;0;2;0;0;0;0;0;0;0;0;0;0;0;0;0;0;2;0;0;61.2;0;12.2;0;0;0;0;0;1.1;0;0;0.1;0;0.2;0;0.1;0;0.6;0;0;0;0.1;0;0;0;0;0;0;0;0;0;0;0;0;0;0;0;1.3;0.7;0.3;0;0;0;0;0;0;0;0;0;0;0
16;"Extensive";0;1;0;0;0;0;0;0;0;0;0;0;0;0;0;1;0;0;0;0;0;0;0;0;0;0;0;0;0;18;0;0;0;0;0;24;0;0;0;0;0;0;0;0;0;26;0;0;74;0;11;4;1;0;8;0;0;0;0;0;0;0;0;0;0.2;0;0;0;0;14.8;0;2.2;0;0;0;0;0;0.5;0;0.1;0;0;0;0;0;0;0.5;0;0;0;0;0.1;0;0;0;0;0;0;0;0;0.1;0;0;0;0;0;0;0;0.1;0;0;0;0;0;0;0;0;0;0;0
17;"Extensive";0;0;0;0;0;0;0;0;0;0;0;0;0;0;0;1;0;0;3;0;0;0;0;0;0;0;0;0;0;6;0;0;0;0;50;0;0;0;0;0;0;0;0;0;0;0;0;0;12;2;19;0;0;0;0;0;0;0;0;0;0;0;0;0;0;0;2;0;0;392;0;0;0;0;0;0;0;0.2;0;0;0;0;0;0;0;0;0.6;0;0;0;0;0.1;0;0;0;0;0.1;0;0;0;0;0;0;0;0;0;0.6;0.9;0;0;0;0;0;0;0;0;0;0;0;0
18;"Extensive";0;0;0;0;0;0;0;0;0;0;0;0;0;0;0;1;0;0;2;0;0;0;1;0;0;0;0;0;0;0;0;2;0;0;0;1;0;0;0;0;0;0;0;0;0;0;0;0;2;7;0;6;0;0;0;0;0;0;0;0;0;0;0;0;0;0;0;0;0;260;0;0;0;0;0;0;0;0.4;0;0;0;0;0.2;0;0;0;0.7;0;0;0;0;0.2;0;0;0;0;0.3;0;0.4;0;0;0;0;0;0;0.3;0.8;0.4;0.4;0;0;0;0;0;0;0;0;0;0;0
19;"Extensive";0;0;1;0;0;0;0;0;0;0;0;0;0;0;0;2;0;0;0;0;0;0;0;0;0;0;0;0;0;2;0;0;0;0;4;0;0;0;0;0;0;0;0;0;1;1;0;0;0;0;1;0;0;0;0;0;1;0;0;0;0;0;0;0;0;0;0;0;0;196;0;0.4;0;0;0;0;0;0.1;0;0;0;0;0;0;1.1;0;0.2;0;0;0;0;0;0;0;0;0;0;0;0;0;0;0;0;0;0;0;0;0;0.1;0;0.1;0.1;0;0;0;0;0;0;0;0
20;"Extensive";0;0;0;0;0;0;0;0;1;0;0;0;0;0;0;2;0;0;0;0;0;0;0;0;0;0;0;0;0;0;0;0;0;0;0;0;0;0;0;0;0;0;0;0;0;0;0;0;0;2;0;0;0;0;2;0;0;0;0;0;0;0;0;0;0;0;0;0;0;132.6;0;0;0;0;0;0;0;1.6;0;0;0;0;0.1;0;0;0;0.6;0;0;0;0;0.2;0;0;0;0;0.1;0;0;0;0.1;0;0;0;0;0;0.1;0;0;0;0;0;0;0;0;0;0;0;0;0
21;"Extensive";0;0;0;1;0;0;0;0;0;0;0;0;0;0;0;3;0;0;2;0;0;0;0;0;0;0;0;0;0;21;0;8;0;0;6;4;5;0;0;0;0;0;0;0;0;0;0;0;0;0;39;0;3;0;0;0;0;0;0;0;0;0;0;0;0.2;0;0;0;0;0.6;0;0;0;0;0;0;0;0.1;0;0;0;0;0;0;0;0;1.1;0;0;0;0;0;0;0;0;0.1;0;0;0;0;0.1;0;0;0;0;0;0;0;0;0;0;0;0;0;0;0;0;0;0;0
22;"Extensive";4;1;0;0;0;0;1;0;1;0;0;0;0;0;0;0;0;0;0;0;0;0;0;0;0;0;0;0;0;5;0;0;0;0;0;2;0;0;0;0;0;0;0;0;0;0;0;0;39;0;15;0;36;0;0;0;0;0.4;0;0;0;0;0;0;0;0;0;0;0;0.8;0.2;14.6;0;0;0;0;0;0.2;0;0;0;0;0;0;0;0;0.2;0;0;0;0;0;0;0;0;0;0;0;0;0;0;0;0;0;0;0;0;0.2;0;0;0;0;0;0;0;0;0;0;0;0
23;"Extensive";11;0;2;0;0;0;4;0;0;0;0;0;0;0;0;0;0;0;0;0;0;0;0;0;0;0;0;0;0;0;0;1;1;0;0;0;17;0;0;0;0;0;0;0;1;2;0;0;1;0;3;0;0;0;4;0;0;0;0;0;0;0;0;0;0;0;0.2;0;0;47.2;0;1.4;0;0;0;0;0;0.1;0;0;0;0;0;0;0;0;0.3;0;0;0;0;0;0;0;0;0;0.1;0;0;0;0;0;0;0;0.2;0;2.2;3;0.5;0;0;0;0;0;0;0;0;0;0;0
24;"Extensive";4;2;0;0;0;0;1;0;2;0;0;0;0;0;1;1;0;0;0;0;0;0;0;0;0;0;0;0;0;0;0;0;0;0;0;0;0;0;0;0;0;8;0;0;0;15;0;0;28;0;0;30;0;0;0;0;3;0.2;0;0;0;0;0;0;2.2;0;0;1.6;0;8.8;0.2;2;0;0;0;0;0;1.2;0;0;0;0;0;0;0;0;1.2;0;0;0;0;0.1;0;0;0;0;0;0;0;0;0;0;0;0;0;0.1;1;1;0.1;0;0;0;0;0;0;0;0;0;0;0
25;"Extensive";0;4;0;2;0;0;0;0;0;0;0;0;0;0;0;1;1;0;0;0;0;0;0;31;0;0;0;0;0;0;0;0;0;0;7;8;0;0;0;0;0;0;0;0;0;0;1;0;1;0;0;0;1;0;3;0;0;0;0;0;0;0;0;0;0.4;0;0.2;0.2;0;0;0;17.8;0;0;0;0;0;0.2;0;0;0;0;0;0;0.7;0;0.5;0;0;0;0;0;0;0;0;0;0;0;0;0;0;0;0;0;0;0;0;0;0;0.1;0;0;0;0;0;0;0;0;0;0
26;"Extensive";0;0;0;0;0;0;1;0;2;0;0;0;0;0;0;0;0;0;2;0;0;0;0;0;0;0;0;0;46;0;0;0;0;0;2;7;0;0;0;0;0;2;0;0;0;0;0;0;106;2;9;2;14;0;5;0;0;0.4;0;0;0;0;0;0;0.4;0;0;0.6;0;5.6;0;0;0;0;0;0;0;0.1;0;0;0;0;0.1;0;0;0;0.3;0;0;0;0;0;0;0;0;0;0;0;0;0;0;0;0;0;0;0;0.3;0;0.2;0;0;0;0;0;0;0;0;0;0;0
27;"Extensive";4;1;4;0;0;0;0;0;7;0;0;0;0;0;0;7;0;0;0;0;0;0;0;1;0;0;0;0;1;1;0;0;0;0;1;2;1;0;0;0;0;0;0;0;0;0;0;0;7;0;7;0;12;0;0;0;0;0;1;0;0;0;0;0;0;0;0;1;0;48.8;0;49.4;0;0;0;0;0;0.3;0;0;0;0;0;0;0;0;1.7;0;0;0;0;0;0;0;0;0;0;0;0;0;0;0;0;0;0;0;0.6;0.9;0;0;0;0;0;0;0;0;0;0;0;0
28;"Extensive";0;0;2;1;0;0;0;0;1;1;0;0;0;0;0;0;0;1;0;0;0;0;0;0;0;0;0;0;0;5;0;1;0;0;0;2;29;0;0;0;0;4;0;0;0;0;0;0;16;4;7;0;0;0;14;0;0;0;0;0;0;0;0;0;0.2;1.2;2.8;2;0;30.6;0;26.8;0;0;0;0;0;0.2;0;0;0.1;0;0;0;0.1;0;0.3;0;0;0;0;0.4;0;0;0.1;0;0;0;0;0;0;0;0;0.2;0;0;0;0;0;0;0;0.1;0;0;0;0.1;0;0;0;0
29;"Extensive";0;0;0;0;0;0;0;0;0;0;0;0;0;0;0;3;0;0;0;0;0;0;0;0;0;0;0;0;10;0;0;2;0;0;0;6;0;0;0;0;0;0;0;0;3;0;0;0;0;0;11;0;0;0;17;0;3;2.6;0;0;0;0;0;0;2;0;0;0;0;3.4;0;2;0;0;0;0;0;0.2;0;0;0;0;0.1;0;0;0;0.7;0;0;0;0;0;0;0;0;0;0;0;0;0;0;0;0;0;0;0;0.2;1.3;0.2;0;0;0;0;0;0;0;0;0;0;0
30;"Extensive";1;0;0;0;0;1;2;0;0;0;0;2;0;0;0;0;0;1;10;0;0;0;0;0;0;0;0;0;2;5;2;0;0;0;0;20;0;0;0;0;0;0;1;0;0;0;0;0;4;0;10;0;2;0;0;0;0;0;0;0;0;0;0;0;0.2;0;0;0;0;39.4;0.6;0.2;0;0;0;0;0;0.4;0;0.2;0.1;0;0.1;0;0;0;0;0;0;0;0.8;0.1;0;0;0;0;0;0;0;0;0;0;0;0;0;0;0;0;0;0;0.1;0;0;0;0;0;0;0;0;0
31;"Extensive";0;1;4;3;1;0;0;0;0;0;0;1;0;0;0;1;0;0;0;0;0;0;0;0;0;0;0;0;26;0;12;0;0;0;0;11;0;0;0;0;0;6;0;0;0;0;0;0;0;0;7;0;0;0;0;0;0;0;0;0;0;0;0;0.2;21.4;0;50.8;0;0;3.6;0;15.6;0;0;0;0.1;0;5.8;0;0.1;0;0;0;0;0;0;0.2;0.1;0.7;0;0;0;0;0;0.1;0;0.4;0;0;0;0;0;0;0;0;0;0;0;0;0;0;0;0;0;0;0;0;0;0;0
32;"Extensive";0;1;0;0;0;0;0;0;0;0;0;0;0;0;0;1;0;0;0;0;0;0;0;0;0;0;0;0;0;0;0;0;0;0;3;9;0;0;0;0;0;0;0;0;0;0;0;0;34;2;34;0;0;0;18;0;11;0.2;0;0;0;0;0;0;0.6;0;0.6;0;0;89.8;0;0;0;0;0;0;0;0.2;0;0;0;0;0;0;0;0;0.8;0;0;0;0;0;0;0;0;0;0.2;0;0;0;0;0;0;0;0;0.1;1.2;0.2;0.5;0.1;0;0;0;0;0;0;0;0;0;0
33;"Extensive";0;0;0;0;0;0;0;0;0;1;0;0;0;0;0;2;0;0;0;0;0;0;0;0;0;0;0;0;0;0;7;0;3;0;2;36;0;0;0;0;0;4;0;0;0;0;0;0;81;1;39;0;0;0;16;0;2;0.2;0;0;0;0;0;0;2.6;0;0.8;0;0;86;0;1.2;0;0;0;0;0;0;0;0;0;0;0;0;0.4;0;1;0;0;0;0;0;0;0;0;0;0;0;0;0;0;0;0;0;0;0;0;0;0;0;0;0;0;0;0;0;0;0;0;0
34;"Extensive";0;0;0;0;0;0;2;0;0;0;0;0;0;0;0;0;0;0;0;0;0;0;0;0;0;0;0;0;0;0;0;0;0;0;0;6;0;0;0;0;0;0;0;0;0;0;0;0;75;0;0;0;12;0;21;0;0;0;0;0;0;0;0;0;0;0;13.4;0;0;63.2;0;0.2;0;0;0;0;0;0.1;0;0;0;0;0;0;0.1;0;0.5;0;0;0;0;0;0;0;0;0.2;0.2;0.1;0;0;0;0;0;0;0;0.4;0.4;0;0;0;0;0;0;0;0;0;0;0;0;0
35;"Extensive";0;0;1;0;0;0;0;0;0;1;0;0;0;0;0;0;0;0;0;0;0;0;0;0;0;0;0;0;36;7;8;11;0;0;2;4;0;0;0;0;0;2;0;0;0;0;0;0;44;0;38;0;3;0;13;0;0;0;0;0;0;0;0;0;0;0;34;0;0;203;0;0;0;0;0;0;0;2.2;0;0.1;0;0;0;0;0;0;0.9;0;0;0;0;0.2;0;0;0;0;0.2;0;0;0;0;0;0;0;0;0;0.3;1.8;0.2;0.3;0.2;0;0;0;0;0;0;0;0;0
36;"Extensive";0;0;1;0;0;0;0;0;0;0;0;0;0;0;0;2;0;2;7;0;0;0;0;0;0;0;0;0;40;0;0;0;0;0;3;11;0;0;0;0;0;21;0;0;0;1;0;0;118;0;0;0;0;0;0;0;13;0;0;0;0;0;0;0;0;0;1;0;0;1;0;0;0;0;0;0;0;0;0;0;0;0;0;0;0;0;0.5;0;0;0;0;0;0;0;0;0;0;0;0;0;0;0;0;0;0;0;0;0;0;0;0;0;0;0;0;0;0;0;0;0
37;"Extensive";0;0;0;0;0;0;0;0;0;0;0;0;0;0;0;4;0;0;0;1;0;0;0;0;0;0;0;0;0;0;0;0;0;0;0;101;0;0;0;0;0;0;0;0;0;0;0;0;122;0;56;0;4;0;8;0;5;0;0;0;0;0;0;0;1.8;0;0.2;0;1.2;2;0;1.2;0;0;0;0;0;0.1;0;0;0;0;0;0;0.1;0;1.2;0;0;0;0;0;0;0;0;0;0;0;0;0;0;0;0;0;0;0;0;0;0;0;0;0;0;0;0;0;0;0;0;0
38;"Extensive";0;2;0;0;0;0;0;0;2;0;0;0;0;0;0;1;0;0;0;0;0;0;0;0;0;0;0;0;0;0;0;0;0;0;39;15;0;0;0;0;0;0;0;0;0;0;0;0;24;3;5;4;4;0;1;0;0;0.2;0;0;0;0;0;0;1;0;0;0;0;8.6;0;6.4;0;0;0;0;0;0.1;0;0;0;0;0.1;0;0.1;0;0.3;0;0;0;0;0;0;0;0;0;0;0;0;0;0;0;0;0;0;0.1;0.4;2.8;0.6;0.2;0.1;0.4;0;0;0;0;0;0;0;0
39;"Extensive";0;0;0;0;0;0;0;0;0;0;0;0;0;0;0;0;0;0;0;0;0;0;0;0;0;0;0;0;0;0;0;0;0;0;0;0;0;0;0;0;0;0;0;0;0;0;0;0;0;0;0;0;0;0;0;0;0;0;0;0;0;0;0;0;1.2;0;0.2;0;0;197.4;0;6.2;0;0;0;0;0;0.7;0;0;0;0;0;0;0;0;0.7;0;0;0;0;1.3;0;0;0;0;0;0;0;0;0;0;0;0;0;0;0.1;0.6;0.1;0;0;0;0;0;0;0;0;0;0;0
40;"Extensive";0;1;1;0;0;0;0;0;6;0;0;0;0;0;0;0;0;1;0;0;0;0;0;0;0;0;0;0;0;6;3;2;0;0;11;17;1;0;0;0;0;0;0;0;0;0;0;0;18;0;21;0;3;0;63;0;0;0.2;0;0;0;0;0;0;1.4;0;0;0.8;0;12.8;0.2;11.4;0;0;0;0;0;0.2;0;0.1;0;0;0;0;0.3;0;0.6;0;0;0;0;0;0;0;0;0;0.1;0;0;0;0.1;0;0;0;0;0;0.5;4.8;0;0;0.2;0.1;0;0;0;0;0;0;0;0
41;"Extensive";2;0;0;0;0;0;2;0;1;0;0;0;0;0;0;1;0;0;0;0;2;0;0;0;0;0;0;0;8;0;0;3;0;0;1;10;0;1;0;0;1;3;0;0;0;0;0;0;4;4;12;2;0;0;13;0;0;0;0;0;0;0;0;0;10.6;0;0.2;0.6;0;11.2;0.8;0;0;0;0;0;0;0.8;0;0;0;0;0.1;0;0;0;0.2;0;0;0;0.2;0.4;0;0;0;0;0;0;0;0;0;0;0;0;0;0;0.2;0;0;0;0;0;0;0;0;0;0;0;0;0
42;"Extensive";4;0;0;0;0;0;0;0;0;0;0;0;0;0;0;1;0;0;0;0;0;0;0;0;0;0;0;0;2;0;2;0;0;0;0;0;0;0;0;0;0;0;0;0;0;0;0;0;0;0;2;6;0;0;8;0;0;0;0;0;0;0;0;0;3.2;0;1.8;17;0;2;0;2.6;0;0.3;0;0;0;1.3;0;0;0.1;0;0;0;0;0;0.1;0;1.9;0;0.4;0.1;0;0;0;0;0;0.1;0;0;0;0;0;0;0;0;0;0;0;0;0;0;0;0;0;0;0;0;0;0
43;"Extensive";0;0;1;0;0;0;0;0;0;0;0;0;0;0;0;0;0;0;0;0;0;0;0;0;0;0;0;0;0;0;0;0;0;0;0;0;0;0;0;0;0;0;0;0;0;0;0;0;37;0;33;0;0;0;35;0;0;0;0;0;279.6;0;0;0;0;0;0;0;0;0;0;0;0;0;0;0;0;0;0;0;0;0;0;0;0.2;0;0.7;0;0;0;0;0;0;0;0;0;0;0;0;0;0;0.2;0;0;0;0;0;0.2;0.1;0.1;0;0;0;0;0;0;0;0;0;0
44;"Extensive";;;;;;;;;;;;;;;;;;;0;0;0;0;0;0;0;0;0;0;0;15;0;0;0;6;0;0;0;0;0;0;0;0;0;0;0;0;0;0;18;2;3;5;0;0;2;0;0;0;0;0;0;0;0;0;1.4;0;17.4;4.4;0;8.4;0;0.4;0;0;0;0;0;0.7;0;0;0.1;0;0;0;0;0;0;0.2;0;0;0;0.5;0;0;0.1;0;0.2;0;0;0;0.1;0;0;0;0;0;0;0.2;0;0;0;0;0;0.1;0;0;0;0;0;0
45;"Extensive";2;2;1;2;0;0;2;1;1;0;0;0;0;0;0;0;0;0;0;0;0;0;0;2;0;0;0;0;30;0;0;0;0;0;0;9;0;0;0;0;0;0;0;0;0;0;0;0;9;0;17;0;4;0;20;0;0;0;0;0;0;0;0;0;2.2;0;0.2;0.4;0;0;0;2.2;0;0;0;0;0;3.2;0;0;0;0.3;0.1;0.1;0;0;0.4;0;0.1;0;0.3;0.3;0;0;0.2;0;0.3;0;0;0;0;0;0.1;0;0;0.5;0.3;0.4;0;0;0;0;0;0;0;0;0;0;0;0
46;"Extensive";0;0;0;0;0;0;0;0;0;1;0;0;0;0;0;0;0;0;0;0;0;0;0;0;1;0;0;0;24;0;0;0;8;0;0;13;0;0;0;0;0;0;0;0;0;0;0;0;46;0;51;0;0;0;23;2;0;0;0;0;0;0;0;0;4.8;0;0.2;0;0;0.2;0;6.4;0;0;0;0;0;0;0;0;0;0;0;0;0.4;0;0.7;0;0;0;0;0.1;0;0;0;0;0;0;0;0;0;0;0;0;0;0;0;0.1;0;0;0;0;0;0;0;0;0;0;0;0
47;"Extensive";0;0;0;0;0;0;0;0;0;0;0;0;0;0;0;1;0;0;0;0;0;0;0;0;0;0;0;0;1;10;0;0;0;0;2;4;2;0;0;0;0;0;0;0;1;0;0;0;27;0;23;0;18;0;28;0;0;0.2;0;0;0;0;0;0;0.4;0;0;0;0;0.8;0;34.6;0;0;0;0;0;0.5;0;0;0;0;0;0;0.2;0;0.3;0;0;0;0;0;0;0;0;0;0;0;0;0;0;0;0;0;0;0;0.4;0.2;0;0.2;0.1;0.1;0;0;0;0;0;0;0;0
48;"Extensive";0;0;1;0;0;0;1;0;2;0;0;0;0;0;0;0;0;2;0;0;0;0;0;0;0;0;0;0;3;2;0;2;0;0;0;7;0;0;0;0;0;0;0;0;0;0;0;0;4;0;55;0;5;0;1;2;0;0;0;0;0;0;0;0;1.2;0;0;0;0;10.6;0;0.2;0;0;0;0;0;1.6;0;0;0;0;0;0;0;0;0.5;0;0;0;0;0.1;0;0;0;0;0.1;0;0;0;0;0;0;0;0;0;0.4;0.3;0.1;0.7;0;0.2;0;0.1;0;0;0;0;0;0
49;"Extensive";0;0;0;0;0;0;0;0;2;0;0;0;0;0;0;2;0;0;0;0;0;0;0;0;0;0;0;0;30;0;0;0;0;0;25;18;0;0;0;0;0;0;0;0;0;0;0;0;5;0;9;0;0;0;71;0;0;0;0;0;0;0;0;0;2.6;0;0.2;11.2;0;0;0;0.2;0;0;0;0.4;0;0.3;0;0;0;0;0;0;0;0;0.4;0;0;0;0;0.2;0;0;0;0;0;0;0;0;0;0;0;0;0;0.1;0.1;0;0;0;0;0;0;0;0;0;0;0;0;0
50;"Extensive";0;0;0;0;0;0;0;0;0;0;0;0;0;0;0;3;0;0;0;0;0;0;0;0;0;0;0;0;61;0;0;0;0;0;0;12;0;0;0;0;0;0;0;0;0;1;0;0;55;0;32;0;5;0;50;0;0;0.2;0;0;0;0;0;0;0.4;0;6.4;0.4;0;5.4;0;2.2;0;0;0;0;0;0.9;0;0;0;0;0;0;0.1;0;0.5;0;0;0;0.1;0;0;0;0;0;0;0;0;0;0.1;0;0;0;0;0.1;0;0;0;0;0;0;0;0;0;0;0;0;0;0
51;"Extensive";0;0;1;0;0;0;0;0;0;0;0;0;0;0;0;1;0;0;0;0;0;0;0;0;0;0;0;0;21;6;0;0;2;0;0;0;0;0;0;0;0;0;0;0;0;0;0;0;3;0;1;0;2;0;7;0;0;0.2;0;0;0;0;0;0;0;0;0.6;0;0;0.6;0;11.4;0;0;0;0;0;0.1;0;0;0;0;0;0.1;0;0;0.6;0;0;0;0;0.2;0;0;0;0;0;0;0;0;0;0;0;0;0;0;0;0;0;0.1;0;0;0;0;0;0;0;0;0;0
52;"Extensive";0;1;0;2;0;0;1;0;1;0;0;0;0;0;0;2;0;0;0;0;0;0;0;0;0;0;0;0;0;0;0;1;0;0;9;3;0;0;0;0;0;0;0;0;0;0;0;0;5;0;6;0;0;0;19;0;0;0;0;0;0;0;0;0;0.2;0;0.2;0;0;7;0;1.4;0.2;0;0;0;0;0.6;0;0.1;0;0;0;0;0;0;1.2;0;0;0;0;0;0;0;0;0;0;0;0;0;0;0;0;0;0;0;0;0;0;0;0;0;0;0;0;0;0;0;0;0
53;"Extensive";0;0;1;0;1;0;2;0;3;0;0;0;0;0;0;2;0;0;0;0;0;0;0;0;0;0;0;0;0;10;0;0;0;0;8;0;0;0;0;0;0;0;0;0;0;0;0;0;12;3;30;0;6;0;4;0;0;0;0;0;0;0;0;0;0.6;0;0.2;0;0;0.8;0;6.4;0;0;0;0;0;0;0;0;0;0;0;0;0;0;0.9;0;0;0;0;0;0;0;0;0;0;0;0;0;0;0;0;0;0;0;0;0;0.1;0;0;0;0;0;0;0;0;0;0;0
54;"Extensive";12;0;4;0;0;0;0;0;0;0;0;0;0;0;0;0;0;0;0;0;0;0;0;0;0;0;0;0;14;17;0;1;7;0;0;9;1;0;0;0;0;4;0;0;0;0;0;0;180;1;7;0;9;0;24;0;2;0.2;0;0;0;0;0;0;0;0;0;0.8;0;0.4;0;0.4;0;0;0;0;0;0.3;0;0;0;0;0;0;3.3;0;0.4;0;0;0;0;0;0;0;0;0;0;0;0;0;0;0;0;0;0;0;2.4;0.3;0.1;0.1;0.2;0.2;0;0;0;0;0;0;0;0
55;"Extensive";0;0;1;0;0;0;0;0;0;0;0;0;0;0;0;2;0;0;0;0;0;0;0;0;0;0;0;0;52;2;0;0;0;0;0;10;0;0;0;0;0;2;0;0;6;1;0;0;11;0;3;0;8;0;2;0;0;0;0;0;0;0;0.2;0;3.2;0;0;2.6;0;0.4;0.4;0.6;0;0;0;0;0;0.3;0;0;0;0;0;0.1;0;0;0.3;0;0.4;0;0.3;0;0;0;0;0;0.1;0;0;0;0.2;0;0;0;0;0;1.7;1.7;0;0;0;0.1;0;0;0;0;0;0;0;0
56;"Extensive";1;0;0;1;0;0;1;0;0;0;0;0;0;0;0;1;0;0;10;0;0;0;55;0;0;0;0;0;0;2;0;0;0;0;0;2;0;0;0;0;2;2;0;0;2;0;0;0;2;4;44;8;7;0;0;0;0;0;0;0;0;0;0;0;0;0;0.2;0.2;0;2.2;0.4;7.2;0;0;0;0;0;0.1;0;0;0;0;0;0;0;0;0.8;0;0;0;0.3;0.3;0;0;0;0;0;0;0;0;0;0;0;0;0;0.1;3.1;3.1;0.1;0;0;0;0;0;0;0;0;0;0;0
57;"Extensive";0;0;0;0;0;0;0;0;1;0;0;0;0;0;0;0;0;0;0;0;1;0;0;0;0;0;0;0;107;1;0;0;0;0;2;6;0;0;0;0;0;0;2;0;1;0;0;0;58;2;6;0;0;0;4;0;3;0;0;0;0;0;0;0;2.6;0;0.2;7.2;0;10.6;0.4;30.6;0;0;0;0;0;0.1;0;0;0;0;0;0;0;0;1;0;0;0;0;0;0;0;0;0;0;0;0;0;0;0;0;0;0;0.1;0.1;0.4;0.1;0;0;0;0;0;0;0;0;0;0;0
58;"Extensive";1;0;0;0;0;0;0;0;1;0;0;0;0;0;0;0;0;0;0;0;0;0;0;0;0;0;0;0;2;0;0;0;0;0;0;11;0;0;0;0;0;4;0;0;0;1;0;0;84;0;13;0;0;0;42;0;0;0;0;0;0;0;0;0;0;0;0.2;0;0;7;0;20.6;0;0;0;0;0.1;0.2;0;0;0;0;0;0;0;0;0.6;0;0;0;0.1;0;0;0;0;0;0;0;0;0;0;0;0;0;0;0;0;0;0.2;0;0;0;0;0;0;0;0;0;0;0
59;"Extensive";0;0;0;0;0;0;0;0;0;0;0;0;0;0;0;3;0;0;0;0;0;0;3;0;0;0;0;0;0;5;0;0;0;0;3;4;0;0;0;0;1;0;0;0;0;2;0;0;29;0;5;3;6;0;1;0;0;0;0;0;0.2;0;0;0;0;0;0.2;0;0;43.2;0;7.2;0;0;0;0;0;0.5;0;0;0;0;0;0;0;0;0.4;0;0;0;0;0;0;0;0;0;0;0;0;0;0;0;0;0;0;0.1;0.4;0.2;0;0;0;0;0;0;0;0;0;0;0;0
60;"Extensive";0;0;0;0;0;0;0;0;3;0;0;0;0;0;0;0;0;0;1;0;0;0;0;0;0;0;0;0;9;13;3;1;0;0;38;1;0;0;0;0;0;13;9;0;0;4;0;0;19;0;9;0;0;0;2;0;0;0;0;0;0;0;0;0;0;0;0;0;0;25.6;0;31.2;0;0;0;0;0;0.8;0;0;0;0;0;0;0;0;1.3;0;0;0;0;0;0;0;0;0;0;0;0;0;0;0;0;0;0;0;0.1;0.6;0;0;0;0;0;0;0;0;0;0;0;0
61;"Extensive";2;0;9;0;1;0;1;1;1;0;0;0;0;0;0;1;0;0;0;0;0;0;0;0;0;0;0;0;1;15;0;0;0;0;16;1;1;0;0;0;0;0;0;0;0;0;0;0;25;0;14;0;3;0;2;1;0;0;0;0;0;0;0;0;0;0;0.2;0;0;4.4;0;0;0;0;0;0;0;0.4;0;0;0;0;0;0;0;0;1.9;0;0;0;0;0.2;0;0;0;0;0;0;0;0;0;0;0;0;0;0;0;0.1;0.1;0;0;0;0;0;0;0;0;0;0;0
62;"Extensive";1;0;5;0;0;0;0;0;1;0;0;0;0;0;0;2;0;0;0;0;0;0;0;0;0;0;0;0;0;0;0;0;0;0;0;0;4;0;0;0;0;0;0;0;0;0;0;0;3;0;0;0;4;0;9;0;0;0;0;0;0;0;0;0;0;0;3;0;0;70;0;154.2;0;0;0.1;0;0;0.3;0;0;0;0;0;0;0;0;0;0;0;0;0;0;0;0;0;0;0;0;0;0;0;0;0;0;0;0.1;0.1;0.4;0;0;0;0;0;0;0;0;0;0;0;0
63;"Extensive";1;0;3;0;0;0;0;0;3;0;0;0;0;0;0;1;0;1;0;0;0;0;0;0;0;0;0;0;2;22;0;0;0;0;0;5;22;0;1;0;0;0;0;0;0;0;0;0;14;0;50;0;34;0;11;0;0;0;0.6;0;0;0;0;0;0;0;6;0;0;7;2.2;1;0;0;0;0;0;0.2;0;0;0;0;0;0;0;0;0.6;0;0;0;0;0;0;0;0;0;0;0;0;0;0;0;0;0;0;0;0;0;0.1;0.3;0;0;0;0;0;0;0;0;0;0
64;"Extensive";0;0;0;1;0;0;2;0;1;0;0;0;0;2;0;0;0;0;0;0;20;0;0;0;0;0;0;0;0;0;0;7;0;0;8;0;0;0;0;0;2;0;4;0;0;0;0;0;16;1;5;0;0;0;0;0;0;0;1.2;0;0;0;0;0;0;0;0;49.6;0;64.4;0;6;0;0;0;0;0;0.6;0;0;0;0.2;0.1;0.1;1;0;0.2;0.2;0;0;0;1.1;0;0;0;0;0.1;0;0;0;0.1;0;0;0;0;0.4;0.1;1.6;0.1;0.1;0;0.1;0;0;0;0;0;0;0;0
65;"Extensive";0;0;0;0;0;0;0;0;2;0;0;0;0;0;0;2;0;0;4;0;0;0;0;0;0;0;0;0;0;2;0;0;0;0;39;75;0;0;0;0;0;0;0;0;0;0;0;0;44;0;32;3;27;0;13;0;0;0;0;0;0;0;0;0;1.2;0;0;0.2;0;4.4;0.8;30.2;0;0;0;0;0;0.1;0;0;0;0;0;0;0;0;1.1;0;0;0;0.1;0.1;0;0;0;0;0;0;0;0;0;0;0;0;0;0;0;0.1;0;0.1;0;0.1;0;0;0;0;0;0;0;0
66;"Extensive";5;0;5;0;0;0;0;0;2;0;0;0;0;0;0;0;0;0;0;0;0;0;0;0;0;0;0;0;0;0;1;0;0;0;18;5;0;0;0;0;0;1;0;0;0;0;0;0;24;1;7;0;0;0;4;0;0;0;0;0;0;0;0;0;0;0;0;0;0;151.8;0;0;0;0;0;0;0;0.2;0;0;0;0;0;0;0;0;0.8;0;0;0;0;0.1;0;0;0;0;0.1;0;0;0;0;0;0;0;0;0.3;1.8;2.2;0.4;0;0;0.1;0;0;0;0;0;0;0;0
67;"Extensive";0;0;1;0;0;1;0;0;1;0;0;0;0;0;0;1;0;0;0;0;0;1;0;0;0;0;2;0;3;0;0;0;0;0;0;6;0;0;0;0;0;0;0;0;0;0;0;0;0;0;0;7;0;0;2;0;1;0;0;0;0;0;0;0;0.4;0;0;0;0;69.8;0;1.6;0;0;0;0;0;1.1;0;0;0;0;0;0.1;0;0;0.4;0.1;0;0;0;0;0;0.1;0;0;0.1;0;0;0.1;0.1;0;0;0;0;0.1;0.4;0.2;0.6;0.1;0;0;0;0;0;0;0;0;0;0
68;"Extensive";0;2;1;1;1;0;0;0;1;0;0;0;0;0;0;1;0;2;70;0;0;0;0;0;0;0;0;0;9;3;0;0;0;0;0;4;2;0;0;0;0;0;0;0;0;0;0;0;0;0;42;2;3;0;0;0;0;0;0;0;0;0;0;0;0;0;1.8;0.6;0;17.8;0.4;14.4;0;0;0;0;0;0.4;0.1;0.3;0;0;0;0;0;0;0;0.1;0;0;0;0;0;0;0;0;0;0;0;0;0;0;0;0;0;0;0;0;0.4;0;0;0.2;0;0;0.1;0;0;0;0;0
69;"Extensive";0;0;0;0;0;0;0;0;0;0;0;0;0;0;0;1;0;0;0;0;0;0;0;0;0;0;0;0;0;0;0;3;0;0;21;3;0;0;0;0;0;44;0;0;0;1;0;0;33;1;0;19;0;0;18;0;0;0;0;0;0;0;0;0;0.2;0;1.2;0;0;83.6;0.2;20.2;0;0;0;0;0;0.1;0;0;0;0;0;0;0;0;0.9;0;0;0;0;0;0;0;0;0;0;0;0;0;0;0;0;0;0;0;0;0;0;0;0;0;0;0;0;0;0;0;0;0
70;"Extensive";0;1;0;0;0;0;0;0;0;0;0;0;0;0;0;1;0;0;0;0;0;0;2;0;0;0;0;0;0;0;0;0;0;0;0;2;0;0;0;0;0;5;0;0;0;0;0;0;7;1;27;0;2;0;5;0;0;0;0;0;0;0;0;0;0.2;0;5.6;0.2;0;24;0;14;0;0;0;0;0;1.2;0;0;0;0;0;0;0;0;1;0;0;0;0;0;0;0;0;0;0;0;0;0;0;0;0;0;0;0;0;0.2;0;0;0;0;0;0;0;0;0;0;0;0
71;"Extensive";0;0;1;0;0;0;0;0;0;0;0;0;0;0;0;0;0;0;0;0;0;0;0;0;0;0;0;0;0;0;0;0;0;0;0;0;0;0;0;0;0;0;0;0;0;0;0;0;17;0;0;0;2;0;7;0;0;0;0;0;0;0;0;0;0;0;0;0;0;0.2;0;79.6;0;0;0;0;0;0.1;0;0;0;0;0;0;0.3;0;2.8;0;0;0;0;0;0;0;0;0;0;0;0;0;0.1;0;0;0;0;0.1;0;0.3;0;0;0;0;0;0;0;0;0;0;0;0
72;"Extensive";0;0;0;0;0;0;0;0;0;0;0;0;0;0;0;3;0;0;0;0;0;0;0;0;0;1;0;0;0;0;0;0;0;0;23;0;0;0;0;0;0;0;0;0;4;4;0;0;2;0;1;8;1;0;0;0;1;0.2;0;0;0;0;0;0;0.2;0;0.2;0;0;31.6;0;1.2;0;0;0;0;0;0.3;0;0;0;0;0;0;0;0;0.3;0;0;0;0;0;0;0;0;0;0;0;0;0;0;0;0;0;0;0.1;0;0;0;0;0;0;0;0;0;0;0;0;0;0
73;"Extensive";0;0;0;0;0;0;0;0;0;0;0;0;0;0;0;0;0;1;1;0;0;0;2;0;0;0;0;0;51;0;0;0;0;0;0;6;0;0;0;0;0;0;0;0;0;0;0;0;10;5;4;17;0;417;1;0;0;0;0;0;0;0;0;0;0.4;0;58.4;49.4;0;14.2;0;19.6;0;0;0;0;0;0.4;0;0;0;0;0.3;0.1;0;0;0.2;0.1;0;0;0;0.2;0;0;0;0;0;0;0;0;0;0;0;0;0;0;0;0;0;0;0;0;0;0;0;0;0;0;0;0
74;"Extensive";0;1;0;0;0;0;0;0;0;0;0;0;0;0;0;0;0;0;0;0;0;0;0;0;0;0;0;0;0;0;0;0;0;0;7;1;0;0;0;0;0;0;89;0;1;0;0;0;38;1;6;20;0;0;10;0;0;0;0.2;0;0;0;0;0;0.2;0;0.4;1.6;0.2;18;0;0;0;0;0;0;0;0.5;0;0;0;0;0.1;0;0;0;0.6;0;0;0;0;0;0;0;0;0;0;0;0;0;0;0;0;0;0;0;0;0;0.1;0.2;0;0;0;0;0;0;0;0;0;0
75;"Extensive";0;0;1;0;0;0;0;0;0;0;0;0;0;0;0;3;0;0;0;0;0;0;0;7;0;0;0;0;0;5;0;0;0;0;2;6;0;0;0;0;0;0;0;0;0;0;0;0;49;1;39;0;0;0;29;0;0;0;0;0;0;0;0;0;3.4;0;0.2;0.2;0;0;0;7.4;0;0;0;0;0;0.7;0;0;0;0;0;0;0;0;0;0;0;0;0.2;0.4;0;0;0.1;0;0;0;0;0;0.4;0;0;0;0;0;1.1;0.2;0;0;0;0;0;0;0;0;0.1;0;0;0
76;"Extensive";0;0;1;0;0;0;0;0;0;0;0;0;0;0;0;1;0;0;0;0;0;0;0;3;0;0;0;0;0;12;0;0;0;0;1;0;2;0;0;0;0;0;0;0;0;0;0;0;134;1;7;8;1;0;86;0;0;0.2;0;0;0;0;0;0;0.8;0;1.8;1.2;0;8.2;0;22;0;0;0;0;0;0;0;0;0;0;0;0;0.8;0;0.7;0;0;0;0;0;0;0;0;0;0;0;0;0;0;0;0;0;0;0;0.4;0.6;0;0.2;0.1;0;0;0;0;0;0;0;0;0
77;"Extensive";4;0;0;0;1;0;0;0;0;0;0;0;0;0;0;0;0;1;0;0;1;0;0;0;0;0;0;0;0;16;0;3;0;0;23;12;0;0;0;0;0;0;2;0;0;0;0;0;144;0;71;0;1;0;141;0;0;0;0;0;0.4;0;0;0;3.2;0;0.2;0.8;0;2.4;0;25.2;0;0;0;0;0;0.2;0;0;0;0;0;0;0;0;0.4;0;0;0;0.1;0;0;0;0;0;0;0;0;0;0;0;0;0;0;0;0;0.2;0;0;0;0;0;0;0;0;0;0;0;0
78;"Extensive";0;0;0;1;0;0;0;0;0;0;0;0;0;0;0;3;0;2;2;0;63;0;0;6;0;0;0;0;0;0;0;0;1;0;58;1;0;0;0;0;0;10;0;0;0;0;0;0;45;0;12;0;18;0;0;0;0;0;0;0;0;0;0;0;0;0;0;0;0;21.4;0.8;1.2;0;0;0;0;0;0.4;0;0;0;0;0;0;0;0;0.9;0;0;0;0;0.2;0;0;0;0;0;0;0;0;0;0;0;0;0;0.2;0.1;5.6;0.4;0.1;0;0;0;0;0;0;0;0;0;0
79;"Extensive";0;0;0;0;0;0;0;0;0;0;0;0;0;0;0;0;0;0;0;0;0;0;0;0;0;0;0;0;2;1;0;0;0;1;41;1;0;0;0;0;0;0;0;0;0;24;0;0;70;0;23;4;15;4;25;0;5;0;0;2.8;0;0.4;0;0;0;0;0;0;0;138;0;7.6;0;0;0;0;0;0;0;0;0;0;0;0;0.5;0;0.5;0;0;0;0;0;0;0;0;0;0;0;0;0;0;0.1;0;0;0;0;0;0;0.6;0.3;0.2;0.1;0;0;0;0;0;0;0;0
80;"Extensive";0;0;0;0;0;0;1;0;0;0;0;0;0;0;0;1;0;0;0;0;0;0;0;0;0;0;0;0;8;33;0;2;0;0;4;0;4;0;0;0;0;1;0;0;0;0;0;0;5;0;23;0;6;0;28;0;1;0;0;0;0;0;0;0;6;0;10.2;0.8;0;170.2;0;1;0;0;0;0;0;1.9;0;0;0;0.1;0;0;0;0;0.5;0;0;0;0.1;0.3;0.1;0;0;0;0.5;0;0;0;0;0;0;0;0;0;0.1;0;0;0;0;0.1;0;0;0;0;0;0;0;0
81;"Extensive";0;0;0;1;0;0;0;0;2;0;0;0;0;0;0;1;0;0;0;0;0;0;0;0;0;0;0;0;0;3;0;0;0;0;3;4;0;0;0;0;0;0;9;1;0;0;0;0;6;10;5;16;0;0;28;0;0;0.4;0;0;0;0;0;0;2.6;0;6.2;4;0;2.6;0;17;0;0;0;0;0;0.1;0;0;0;0;0;0;0;0;0.1;0;0;0;0;0.1;0;0;0;0;0;0;0;0;0;0;0;0;0;0;0;0.1;0;0.1;0;0;0;0;0;0;0;0;0;0
82;"Extensive";0;0;0;0;0;0;0;0;0;0;0;0;0;0;0;0;0;0;0;0;7;0;0;0;0;0;0;0;0;0;0;0;0;0;0;3;0;0;0;0;0;0;0;0;1;0;0;0;29;6;0;36;7;0;15;0;0;0.2;0;0;0;0;0;0;0;0;0.2;0.2;0;6.8;0;42.4;0;0;0;0;0;0.6;0;0;0;0;0;0;0;0;1.4;0;0;0;0;0;0;0;0;0;0;0;0;0;0.1;0;0;0;0;0;0;0;0.1;0;0.2;0;0;0;0;0;0;0;0;0
83;"Extensive";0;0;0;0;0;0;0;0;0;0;0;0;0;0;0;1;0;0;0;0;0;0;0;0;0;0;0;0;0;0;0;0;2;0;87;2;0;0;0;0;0;73;0;0;8;1;0;0;12;11;6;24;1;0;16;0;20;0;0;0;0;0;0;0;0;0;1;5;0;1.4;0;0.4;0;0;0;0;0;0.2;0;0;0;0;0;0.1;0;0;0.8;0;0;0;0;0.1;0;0;0;0;0;0;0;0;0;0;0;0;0;0;0;0;0.2;0;0;0;0;0;0;0;0;0;0;0
84;"Extensive";0;0;0;0;0;0;3;1;0;0;0;0;0;0;0;0;0;0;2;0;0;0;0;0;0;0;0;0;0;11;25;1;0;0;4;0;0;0;0;0;0;0;0;0;0;0;0;0;2;0;0;3;0;0;0;0;0;0.2;0;0;0;0;0;0;0.2;0;0.4;0.2;0;29.4;0.8;0.4;0;0;0;0;0;0.3;0;0.1;0;0;0;0;0;0;0.2;0;0;0;0;0.4;0;0;0;0.1;0;0;0;0;0.1;0;0;0;0;0.3;6.8;3.3;0.2;0;0;0;0;0;0;0;0;0;0;0
85;"Extensive";2;2;0;0;0;0;4;0;0;0;0;0;0;0;0;1;0;0;0;0;0;0;0;0;0;0;0;0;0;0;0;0;0;0;0;0;0;0;0;0;0;0;0;0;0;0;0;0;0;0;0;0;0;0;0;0;0;0;0;0;0;0;0;0;1.6;0;0;0;0;0.6;0.2;4.8;0;0;0;0;0;0.5;0;0;0;0;0;0;0;0;1.2;0;0;0;0;0;0;0;0;0;0;0;0;0;0;0;0;0;0;0.3;0.3;2.5;0;0;0;0;0;0;0;0;0;0;0;0
1;"Intensive";10;0;5;0;0;0;0;0;1;0;0;0;0;0;0;2;0;0;24;0;0;0;0;0;0;0;0;0;0;0;0;0;1;0;0;0;0;0;0;0;0;0;0;0;0;0;0;0;4;0;2;0;0;0;1;0;0;0.2;0;0;0;0;0;0;0.6;0;0.2;0.4;0;0.2;0;1.6;0;0;0;0;0;0.2;0;0.1;0;0;0;0;0;0;0.2;0;0;0;0;0;0;0;0;0;0;0;0;0;0;0;0;0;0;0;0;0;0;0;0;0;0;0;0;0;0;0;0;0
2;"Intensive";8;0;0;0;0;0;0;0;0;0;0;0;0;0;0;1;0;0;2;0;0;0;0;0;0;0;0;0;5;0;0;0;0;0;28;5;0;0;0;0;0;0;0;0;0;0;0;0;0;0;6;0;3;0;1;0;0;0;0;0;0;0;0;0;2.6;0;0;0.2;0;6.8;0.2;1.2;0;0;0;0;0;0;0;0;0.2;0;0;0;0;0;0;0;0;0;0;0;0;0;0;0;0;0;0;0;0;0;0;0;0;0.1;0;0.1;0;0;0;0;0;0;0;0;0;0;0;0
3;"Intensive";2;0;0;0;0;0;0;0;0;0;0;0;0;0;0;0;0;0;63;0;0;0;0;0;0;0;0;0;0;0;0;0;3;0;0;0;0;0;0;0;0;0;0;0;0;0;0;0;18;0;3;0;0;0;30;0;0;0.2;0;0;0;0;0;0;0.2;0;0;0.2;0;13.6;1;0.4;0;0;0;0;0;0.2;0;0;0;0;0;0;0;0;0;0;0;0;0;0;0;0;0;0;0;0;0;0;0;0;0;0;0;0;0;0;0;0.1;0;0;0;0;0;0;0;0;0;0
4;"Intensive";0;0;0;2;0;0;0;0;1;0;0;1;0;0;0;0;0;0;5;0;0;0;0;0;0;0;0;0;15;0;0;0;2;0;0;0;2;0;0;0;0;0;0;0;0;0;0;0;9;0;10;2;1;0;0;0;0;0;0.4;0;0;0;0;0;0.6;0;0;0.2;0;0.6;0;0;0;0;0;0;0;0.1;0;0;0;0;0;0;0;0;0.8;0;0;0;0;0;0;0;0;0;0;0;0;0;0;0;0;0;0;0;0;0;0;0;0;0;0;0;0;0;0;0;0;0
5;"Intensive";5;0;0;1;1;0;0;0;0;0;0;0;0;0;0;0;0;0;20;0;0;0;0;0;0;0;0;0;0;0;0;0;0;0;5;0;0;0;0;0;0;0;0;0;0;0;0;0;0;0;4;0;0;0;0;0;0;0;0.2;0;0;0;0;0;0.6;0;1;0.4;0;90.2;0;1;0;0;0;0;0;0.4;0;0;0;0;0;0;0;0;0.2;0;0;0;0;0;0;0;0;0;0;0;0;0;0;0;0;0;0;0;0;0;0;0;0;0;0;0;0;0;0;0;0;0
6;"Intensive";0;0;0;2;0;0;1;0;0;0;0;0;0;0;0;0;0;0;0;0;0;0;0;0;0;0;0;0;0;0;0;0;0;0;0;0;0;0;0;0;0;0;0;0;0;0;0;0;0;0;0;0;0;0;0;0;0;0;0;0;0;0;0;0;0.4;0;0;0;0;6;0;1.2;0;0;0;0;0;0.8;0;0;0;0;0;0;0;0;0.2;0;0;0;0;0;0;0;0;0;0;0;0;0;0;0;0;0;0;0;0;0.1;0;0;0;0;0;0;0;0;0;0;0;0
7;"Intensive";4;0;0;0;0;0;0;0;0;0;0;0;0;0;0;0;0;0;6;0;0;0;8;0;0;0;0;0;1;1;0;0;0;0;0;1;0;0;0;0;0;0;0;0;0;0;0;0;7;0;9;0;12;0;2;0;0;0;0;0;0;0;0;0;1;0;0;0.4;0;0.2;0;1.6;0;0;0;0;0;0.7;0;0;0.2;0;0;0;0;0;0.1;0.2;0;0;0;0.5;0;0;0;0;0;0;0;0;0;0;0;0;0;0;0.1;0.1;0;0.1;0;0.1;0;0;0;0;0;0;0.1;0
8;"Intensive";12;0;5;0;0;0;2;0;0;0;0;0;0;0;0;0;0;1;0;0;0;0;1;0;0;0;0;0;6;0;0;0;1;0;0;4;0;0;0;0;0;0;0;0;0;0;0;0;2;4;6;1;0;0;4;0;0;0;0;0;0;0;0;0;0;0;1.4;0;0;238.6;0;0;0;0;0;0;0;2.6;0;0.1;0;0;0;0.1;0;0;2.8;0;0;0;0;0;0;0;0;0;0;0;0.1;0;0.1;0;0;0;0;0;0;0;0;0;0;0;0;0;0;0;0;0;0;0
9;"Intensive";0;0;6;0;0;0;1;0;1;0;0;0;0;0;0;1;0;2;0;0;0;0;8;0;0;0;0;0;0;2;0;4;0;0;0;0;0;0;0;0;0;0;0;0;0;0;0;0;0;0;7;0;0;0;3;0;0;0;0;0;0;0;0;0;0;0;0;0;0;225.2;0.2;0;0;0;0;0;0;0.6;0;0.1;0;0;0;0;0;0;0.6;0;0;0;0;0;0;0;0;0;0;0;0;0;0;0;0;0;0;0;0;0;0.1;0;0;0;0;0;0;0;0;0;0;0
10;"Intensive";0;0;1;0;0;0;0;0;0;0;0;0;0;0;0;2;0;0;0;0;0;0;0;0;0;0;0;0;0;0;0;0;0;0;12;0;0;0;0;0;0;1;0;0;0;0;0;0;7;0;4;7;0;0;5;0;0;2.2;0;0;0;0;0;0;0.6;0;0;0;0;35.6;0.6;1;0;0;0;0;0;0.8;0;0;0;0;0;0;0;0;0.8;0;0.1;0;0;0;0;0;0;0;0.1;0;0;0;0;0;0;0;0;0;0;0.2;0;0;0;0;0;0;0;0;0;0;0;0
11;"Intensive";0;0;6;0;0;0;1;0;0;0;0;0;0;0;0;0;0;0;25;0;0;0;22;0;0;0;0;0;0;0;2;0;0;0;0;1;0;0;0;0;0;0;0;0;3;0;0;0;0;0;6;0;6;0;6;0;0;0;0.2;0;0;0;0;0;0;0;0;0;0;45.4;7.2;1;0;0;0;0;0;0.6;0;0;0;0;0;0;0;0;0.1;0;0;0;0;0;0;0;0;0;0;0;0;0;0;0;0;0;0;0;0;0;0.1;0;0.1;0;0;0;0;0;0;0;0;0
12;"Intensive";0;2;0;1;0;0;1;0;2;0;0;0;0;0;0;1;0;0;0;0;1;0;4;0;0;0;0;0;0;0;0;0;0;0;0;0;0;0;0;0;0;0;0;0;0;0;0;0;4;0;2;0;2;0;0;0;0;0.4;0;0;0;0;0;0;0;0;0;0.2;0;2.4;0.2;19;0;0;0;0;0;0;0;0;0;0;0;0;0.2;0;0.5;0;0;0.2;0;0;0;0;0;0;0;0;0;0;0;0;0;0;0;0;0;0;0;0.1;0.1;0;0;0;0;0;0;0;0;0
13;"Intensive";0;0;0;0;0;0;1;0;0;0;0;0;0;0;0;0;0;0;16;0;0;0;4;0;0;0;0;0;0;0;0;1;0;0;0;0;0;0;0;0;0;0;0;0;1;0;0;0;0;0;5;0;0;0;0;0;0;0.2;0;0;0;0;0.2;0;0.2;0;0;0.2;0;17.2;1;15.4;0;0;0;0;0;0;0;0;0;0;0;0;0;0;0.3;0;0;0;0;0;0;0;0;0;0;0;0;0;0.5;0;0;0;0;0;0;0;0;0.3;0;0.1;0;0;0;0;0;0;0;0
14;"Intensive";1;0;0;0;0;0;0;0;0;0;0;0;0;0;0;0;0;0;49;0;0;0;0;0;0;0;0;0;0;0;0;0;0;0;0;0;0;0;0;0;0;0;0;0;0;0;0;0;0;0;0;0;0;0;0;0;0;0;0;0;0;0;0;0;0;0;0;0.6;0;70.6;0;1;0;0;0;0;0;0.3;0;0;0;0;0;0;0;0;0.3;0;0.1;0;0;0.1;0;0;0;0;0;0;0;0;0;0;0;0;0;0;0;0;0;0;0.1;0;0;0;0;0;0;0;0;0
15;"Intensive";3;0;0;1;0;0;0;2;0;0;0;0;1;0;0;0;0;0;3;0;0;0;0;0;0;0;0;0;0;0;0;0;0;0;0;0;0;0;0;0;0;1;0;0;0;0;0;0;0;0;0;0;2;0;0;0;0;0.6;0.6;0;0;0;0;0;0;0;1.4;0;0;25;0;3.4;0;0;0;0;0;0.7;0;0;0;0;0;0;0;0;0.1;0;0;0;0.1;0.1;0;0;0;0;0;0;0;0;0;0;0;0;0;0.1;0;0.4;0;0.1;0;0.1;0;0;0;0;0;0;0;0
16;"Intensive";3;0;0;0;0;0;0;0;0;0;0;0;0;0;0;0;0;0;0;0;0;0;0;0;0;0;0;0;0;0;0;0;4;0;0;0;0;0;0;0;0;0;0;0;0;0;0;0;0;0;3;0;0;0;1;0;0;0;0;0;0;0;0;0;0;0;0.4;0.2;0;25.6;0.2;0;0;0;0;0;0;0.3;0;0;0;0;0;0;0;0;0.6;0;0;0;0;0.1;0;0;0;0;0;0;0;0;0;0;0;0;0;0;0;0;0.2;0;0.1;0;0;0;0;0;0;0;0;0
17;"Intensive";0;0;0;0;0;0;0;0;0;0;0;0;0;0;0;2;0;16;0;0;0;0;0;0;0;0;0;0;2;0;0;0;0;0;0;0;0;0;0;0;0;0;0;0;0;9;0;0;12;0;5;2;0;0;3;0;0;0;0;0;0;0;0;0;0;0;0;0;0;366;0;0;0;0;0;0;0;1.2;0;0.2;0;0.1;0;0;0;0;0.3;0;0;0;0;0;0;0;0;0;0;0;0;0;0;0;0;0;0;0;0;0.3;0.1;0;0.1;0.3;0;0;0;0;0;0;0;0
18;"Intensive";0;0;0;2;1;0;0;1;1;0;0;0;0;0;0;0;0;0;11;0;0;0;0;0;0;0;0;0;10;0;0;1;1;0;0;4;0;0;0;0;0;0;0;0;0;0;0;0;0;1;8;6;0;0;13;0;0;0;0;0;0;0;0;0;0;0;0;0;0;805;0;0;0;0;0;0;0;0.2;0;0;0;0;0;0;0;0;0.7;0;0;0;0;0;0;0;0;0;0.1;0;0;0;0;0;0;0;0;0;1;0.3;0;0;0;0;0;0;0;0;0;0;0;0
19;"Intensive";0;0;12;0;0;0;0;0;0;0;3;0;0;0;0;1;0;0;0;0;0;0;0;0;0;0;0;0;0;0;0;0;0;0;0;0;0;0;0;0;0;0;0;0;0;0;0;0;1;0;0;0;0;0;0;0;0;0;0;0;0;0;0;0;0.4;0;0;0;0.2;191.8;0;0;0;0;0;0;0;0.4;0;0;0;0;0;0;1.3;0;0.2;0;0;0;0;0.1;0;0;0;0;0.2;0;0.1;0;0;0;0;0;0;0;0;0;0.2;0.1;0.9;0.3;0;0;0;0;0;0;0;0
20;"Intensive";0;0;1;0;0;0;1;0;1;0;0;0;0;0;0;2;0;5;0;0;0;0;0;0;0;0;0;0;0;0;0;0;0;0;0;0;0;0;0;0;0;0;0;0;0;0;0;0;0;0;0;0;0;0;0;0;0;0;0;0;0;0;0;0;0;0;0;0;0;556;0;0;0;0;0;0;0;1;0;0;0;0.1;0;0;0;0;1.6;0;0;0;0.3;0.1;0;0;0;0;0;0;0;0;0;0;0;0;0;0;2.5;0.2;0;0;0;0;0;0;0;0;0;0;0;0
21;"Intensive";0;4;1;2;0;0;1;0;7;0;0;0;0;0;0;2;0;1;0;0;0;0;0;0;0;0;0;0;7;0;0;0;0;0;0;3;0;0;0;0;0;0;0;0;0;0;0;0;3;0;7;0;0;0;0;0;0;0;0;0;0;0;0;0;1.8;0;1.6;6.8;0;15.2;0;1;0;0;0;0;0;1.1;0;0.2;0;0;0;0;0;0;1;0;0;0;0;0;0;0;0;0;0.1;0;0;0;0;0;0;0;0;0;0;0;0;0;0;0;0;0;0;0;0;0;0;0
22;"Intensive";11;0;2;0;0;0;1;0;2;1;0;1;0;0;0;0;0;1;1;0;5;0;2;0;0;0;0;0;0;0;0;0;0;0;0;4;0;0;0;0;0;0;0;0;0;1;0;0;5;0;6;0;2;0;0;0;0;0.4;0;0;0;0;0;0;0.2;0;0.2;0.6;0;17;0;12.2;0;0;0;0;0;0.2;0;0;0;0;0;0;0;0;1;0;0;0;0;0;0;0;0;0;0.1;0;0;0;0;0;0;0;0;0;0;0;0.1;0;0.1;0;0;0;0;0;0;0;0;0
23;"Intensive";8;0;0;0;0;0;1;0;1;0;0;0;0;0;0;0;0;0;3;0;0;0;0;1;0;0;0;0;0;0;0;0;0;0;0;3;0;0;0;0;0;6;0;0;2;0;0;0;18;0;4;0;12;1;0;0;0;0;0;0;0;0;0;0;0;0;0;0;0;19.4;0;3.4;0;0;0;0;0;0;0;0;0.1;0;0;0;0;0;0.2;0;0;0;0;0.1;0;0;0;0;0;0;0;0;0;0;0;0;0;0.1;0.4;0.2;0.1;0;0.3;0;0;0;0;0;0;0;0;0
24;"Intensive";16;1;2;0;0;0;1;0;0;0;0;0;0;0;0;0;0;2;36;0;0;0;13;0;0;0;0;0;0;0;0;1;0;0;0;0;0;0;0;0;0;0;0;0;0;0;0;0;9;0;16;0;0;0;0;0;0;0.2;0;0;0;0;0;0;0;0;0;0.4;0;14.2;0.4;0;0;0;0;0;0;0.7;0;0;0;0;0;0;0;0;1.1;0;0;0;0;0;0;0;0;0;0;0;0;0;0;0;0;0;0;0.1;0.1;0;0;0.3;0;0.1;0;0;0;0;0;0;0;0
25;"Intensive";47;0;5;0;0;0;1;0;2;0;0;0;0;0;0;2;0;1;2;0;0;1;3;0;0;0;0;0;0;6;0;0;1;0;0;0;0;0;0;0;0;0;0;0;0;0;0;0;19;0;8;0;0;0;0;0;0;0;0;0;0;0;0;0;0.6;0;1;0;0;11.4;0.2;43.6;0;0;0;0;0;0.1;0.3;0;0;0;0;0;0.5;0;0;0;0;0;0;0;0;0;0;0;0.1;0;0;0;0;0;0;0;0;0;0;0;0;0;0;0.2;0;0;0;0;0;0;0;0
26;"Intensive";0;0;0;1;0;0;0;0;0;0;0;0;0;0;0;1;0;0;2;0;0;0;0;0;0;0;0;0;9;0;0;0;0;0;0;1;0;0;0;0;0;0;0;0;0;0;0;0;0;0;4;0;0;0;0;0;0;0;0;0;0;0;0;0;1;0;1.4;0;0;1.4;0;0.2;0;0;0;0;0;0;0;0;0;0;0.1;0;0;0;0.8;0;0.1;0;0.5;0;0;0;0;0;0.1;0.1;0;0;0;0;0;0;0;0.1;0.6;0.1;0;0.1;0;0.1;0;0;0;0;0;0;0;0
27;"Intensive";12;0;0;0;0;0;2;2;1;0;0;0;0;0;0;2;0;0;1;0;3;0;3;0;0;0;0;0;6;2;0;1;2;0;0;1;4;0;0;0;0;0;1;0;8;0;0;0;0;0;25;0;0;0;0;0;0;0;0;0;0;0;0;0.2;0;0;0;0;0;133.2;0;21;0;0;0;0;0;1.1;0;0.1;0.2;0;0;0;0;0;0.6;0.1;0;0;0;0;0;0;0;0;0.1;0;0;0;0;0;0;0;0;0;0;0;0;0.1;0.2;0;0;0;0;0;0;0;0;0
28;"Intensive";0;0;1;1;0;0;0;0;0;0;0;0;0;0;0;0;0;0;29;0;0;0;0;0;0;0;0;0;0;0;0;0;0;0;0;0;0;0;0;0;0;0;0;0;0;0;0;0;4;0;2;2;0;0;0;0;0;0;0;0;0;0;0;0;0;0;0.6;0;0;11.6;0.4;2;0;0;0;0;0;0.1;0;0;0.2;0;0;0;0;0;0;0;0;0;0;0;0;0;0;0;0;0;0;0;0;0;0;0;0;0;0;0;0.1;0;0;0.1;0;0;0;0;0;0;0;0
29;"Intensive";0;0;0;1;0;0;0;0;2;0;0;0;0;0;0;0;0;0;16;0;0;0;0;0;0;0;0;0;0;0;0;0;0;0;0;0;0;0;0;0;0;0;0;0;0;0;0;0;5;0;0;2;0;0;0;0;0;0.8;0;0;0;0;0;0;1.2;0;0;0;0;12.4;1.2;0.6;0;0;0;0;0;0;0;0;0;0;0;0;0;0;0.1;0;0;0;0;0;0;0;0;0;0.1;0;0;0;0;0;0;0;0;0;0;0;0;0;0.3;0.2;0;0;0.1;0;0;0;0;0
30;"Intensive";10;0;3;1;0;0;2;0;4;0;0;0;0;0;0;1;0;0;32;0;0;0;8;0;0;0;0;0;3;7;0;4;0;0;0;5;0;0;0;0;0;0;1;0;0;0;0;0;9;0;5;0;2;0;0;0;0;0;0;0;0;0;0;0.2;2.4;0;0.2;0;0;10.8;0.2;0;0;0;0;0;0;0.9;0;0;0;0;0;0;0;0;0.1;0;0;0;0;0;0;0;0;0;0;0;0;0;0;0;0;0;0;0;0;0;0;0;0;0;0;0;0;0;0;0;0;0
31;"Intensive";4;0;0;0;0;0;0;0;1;0;0;0;0;0;0;3;0;0;0;0;0;0;0;0;0;0;0;0;20;0;0;0;0;0;0;1;0;0;0;0;0;1;0;0;0;0;0;0;5;0;13;0;0;0;5;0;0;0;0;0;0;0;0;0.4;11;0;4.6;0;0;6;0;7.4;0;0;0;0;0;1.5;0;0;0;0;0;0;0;0;0.3;0;0;0;0;0;0;0;0;0;0;0;0;0;0;0;0;0;0;0;0;0.1;0;0;0;0;0;0;0;0;0;0.1;0;0
32;"Intensive";0;0;6;0;0;0;0;0;0;0;0;0;0;0;0;1;0;1;0;0;0;0;0;0;0;0;0;0;0;3;0;0;0;0;0;8;0;0;0;0;0;0;0;0;0;0;0;0;9;0;0;0;0;0;0;0;0;0;0;0;0;0;0;0;0;0;0;0;0;171.2;0;0;0;0;0;0;0;0.1;0;0.1;0;0;0.2;0.1;0;0;0.9;0;0;0;0;0;0;0;0;0;0.5;0.2;0.1;0;0;0;0;0;0;0;0;0.2;0.8;0.3;0;0.1;0;0;0;0;0;0;0;0
33;"Intensive";0;0;0;0;0;0;0;0;0;0;0;0;0;0;0;1;0;1;10;0;0;0;4;0;0;0;0;0;3;0;11;2;0;0;0;3;0;0;0;0;0;0;0;0;4;0;0;0;0;0;12;1;0;0;28;0;0;0;0;0;0;0;0;0;0;0;0;0;0;3.4;0;0.2;0;0;0;0;0;0.1;0;0;0;0;0;0;0;0;0;0.1;0;0;0;0;0;0.1;0;0;0;0;0;0;0;0;0;0;0;0;0;0.1;0;0;0;0.1;0;0;0;0;0;0;0;0
34;"Intensive";0;1;0;1;2;0;0;0;1;0;0;0;0;0;0;2;0;0;0;0;0;0;0;3;0;0;0;0;1;2;0;0;1;0;0;7;0;0;0;3;0;0;0;0;0;0;0;1;1;0;3;1;9;0;17;0;0;0;0;0;0;0;0;0;0.2;0;28.2;0;0;209.6;0.4;0;0;0;0;0;0;0.3;0;0;0;0;0;0.1;0;0;0.8;0.1;0;0;0;0.1;0;0;0;0.1;0.3;0;0;0;0;0;0;0;0.1;0;0.4;0;0;0;0;0;0;0;0;0;0;0;0;0
35;"Intensive";0;0;2;0;0;0;1;0;0;1;0;0;0;0;0;0;0;0;2;0;0;0;0;0;0;0;0;0;9;2;1;11;0;0;0;3;0;0;0;0;0;0;0;0;0;2;0;0;15;0;2;1;0;0;5;0;0;0;0;0;0;0;0;0;0;0;20.2;0;0;421.6;0;30;0;0;0;0;0;1.3;0;0.1;0;0.1;0;0.1;0;0;0.6;0;0;0;0;0.1;0;0;0;0;0;0.6;0.2;0;0.2;0;0;0;0;0.1;0.5;0.8;0.9;0;0.2;0.2;0;0;0;0;0;0;0;0
36;"Intensive";0;0;0;0;0;0;0;0;3;0;0;0;0;0;0;0;0;0;0;0;0;0;0;0;0;0;0;0;0;0;1;0;0;0;0;0;17;0;0;0;0;0;0;0;0;0;0;0;7;0;0;0;0;0;0;0;0;0;0;0;0;0;0;0;0;0;0;0;0;0.4;0;0;0;0;0;0;0;0.1;0;0;0;0;0;0;0;0;0.1;0.6;0;0;0;0;0;0;0;0;0;0;0;0;0;0;0;0;0;0;0;0;0;0;0;0;0;0;0;0;0;0;0;0
37;"Intensive";0;1;6;2;1;0;0;0;1;0;0;0;0;0;0;0;0;0;0;0;0;0;0;0;0;0;0;0;0;0;2;0;0;0;0;2;0;0;0;0;0;1;0;0;0;0;0;0;0;0;10;0;1;0;0;0;0;0;0;0;0;0;0;0;0.8;0;2.8;0;0;16.8;0;2.8;0;0;0;0;0;0.4;0;0;0;0;0;0;0;0;0;0.1;0;0;0;0;0;0;0;0;0.1;0;0;0;0;0;0;0;0;0;0;0;0;0;0;0.2;0;0;0;0;0;0;0;0
38;"Intensive";1;0;0;0;0;0;1;0;1;0;0;0;0;0;0;0;0;0;0;0;0;0;3;0;0;0;0;0;2;0;0;0;0;0;0;23;0;0;0;0;0;0;0;0;0;1;0;0;0;1;4;0;1;0;14;0;0;0;0.2;0;0;0;0;0;7.6;0;1.8;0.2;0;1.4;0;2;0;0;0;0;0;0.4;0;0;0;0;0;0;0;0;0;0;0;0;0;0;0;0;0;0;0.1;0;0;0;0;0;0;0;0;0.2;0.3;0.5;0;0;0.1;0.1;0;0;0;0;0;0;0;0
39;"Intensive";3;0;0;0;0;0;0;0;0;0;0;0;0;0;0;1;0;0;0;0;0;0;0;0;0;0;0;0;0;0;3;4;0;0;0;2;0;0;0;0;0;0;0;0;0;0;0;0;70;0;5;4;6;0;31;0;0;0;0;0;0;0;0;0;0;0;7.8;0;0;95;0;0;0;0;0;0;0;1;0;0;0;0;0;0;0;0;0.3;0;0;0;0;0.3;0;0;0;0;0.1;0;0;0;0;0;0;0;0;0.1;0.6;0.7;0;0;0;0;0;0;0;0;0;0;0;0
40;"Intensive";11;0;0;0;0;0;0;0;0;0;0;0;0;0;0;0;0;0;4;0;0;0;0;0;0;0;0;0;0;0;0;0;3;0;0;0;0;0;0;0;0;14;0;0;1;0;0;0;0;0;5;0;4;0;0;0;0;0;0;0;0;0;0;0;0;0;0;0;0;1.8;1.6;0.6;0;;;;;;;;;;;;;;;;;;;;;;;;;;;;;;;;;;;;;;;;;;;;;;;
41;"Intensive";0;0;0;0;0;0;0;0;1;0;0;0;0;0;0;0;0;0;3;0;0;0;0;0;0;0;0;0;6;0;0;0;1;0;0;13;0;0;0;0;0;0;0;0;0;0;0;0;10;0;3;0;0;0;0;0;0;1;0;0;0;0;0;0;0.4;0;0;0;0;11.2;4;0.6;0;0;0;0;0;0.8;0.1;0;0;0;0;0;0;0;0.5;0.1;0;0;0;0.1;0;0;0;0;0;0;0;0;0;0;0;0;0;0;0;0.1;0;0;0;0;0;0.1;0;0;0;0;0;0
42;"Intensive";17;0;0;0;0;0;2;0;0;0;0;0;0;0;0;0;0;0;6;0;0;0;0;0;0;0;0;0;3;3;0;0;0;0;0;1;0;0;0;0;0;0;0;0;0;0;0;0;3;0;3;0;0;0;0;0;0;0;0;0;0;0;0;0;3.8;0;0.6;1.6;0;0;0;6.8;0;0;0;0;0;0.6;0;0.2;0;0;0;0;0;0;0.2;0;0.3;0;0.4;0.2;0;0;0;0;0;0;0;0;0.1;0;0;0;0;0;0;0;0;0;0;0;0;0;0;0;0;0;0;0
43;"Intensive";0;1;0;0;0;0;0;0;2;0;0;0;0;0;0;0;0;0;0;0;0;0;0;0;0;0;0;0;0;0;0;2;0;0;1;0;0;0;0;0;0;0;0;0;1;0;0;0;4;0;7;0;28;0;1;0;0;0;0;0;49.8;0.2;0;0;0.6;0;0;0;0;0.2;0;1.4;0;0;0;0;0;0;0;0;0;0;0;0;0;0;0.8;0;0;0;0;0;0;0;0;0;0;0;0;0;0;0;0;0;0;0;0;0;0;0;0;0;0;0;0;0;0;0;0;0
44;"Intensive";;;;;;;;;;;;;;;;;;;0;0;0;0;0;0;0;0;0;0;0;0;0;0;0;0;0;7;0;0;0;0;0;0;0;0;0;0;0;0;0;0;2;0;0;0;0;0;0;1;0;0;0;0;0;0;12.2;0.2;2.4;0;0;0.2;0;0;0;0;0;0;0;0.6;0;0.1;0;0.1;0;0;0;0;0.5;0;0.1;0;0;0.4;0;0;0;0;0.1;0.1;0;0;0;0;0;0;0;0.1;0.1;0;0;0;0;0;0;0;0;0;0;0;0;0
45;"Intensive";1;1;2;1;1;0;3;0;1;0;0;0;0;0;0;0;0;0;1;0;0;0;0;0;0;0;0;0;0;5;4;0;0;0;0;9;0;0;0;0;0;0;0;0;1;0;0;0;6;0;54;0;0;0;0;0;0;0;0;0;0;0;0;0;3.6;0;0.2;0.2;0;0.2;0;0;0;0;0;0;0;1.3;0;0;0;0;0;0.1;0;0;0.7;0;0;0;0.1;0;0;0;0;0;0;0;0;0;0;0;0.1;0;0.3;0.8;0.1;0.6;0;0;0;0;0;0;0;0;0;0;0;0
46;"Intensive";1;0;6;1;1;0;9;6;1;0;0;0;3;0;0;0;0;0;0;0;0;0;0;35;0;0;0;0;16;0;0;0;20;0;0;36;0;0;0;0;0;41;0;0;0;0;0;0;2;1;2;1;0;0;5;1;0;1.2;0;0;0;0;0;0.2;4;0;0.2;0;0;0.8;0;3.8;0;0;0;0;0;0.3;0;0.1;0;0;0.1;0;0;0;0;0;0;0;0;0;0;0;0;0;0;0;0;0;0;0;0;0.2;0;0.2;1.5;0.6;0;0;0;0;0;0;0;0;0;0;0;0
47;"Intensive";12;0;2;0;0;0;0;0;0;0;0;0;0;0;0;0;0;1;30;0;0;0;0;0;0;0;0;0;0;5;0;0;1;0;0;0;0;0;0;0;0;0;0;0;2;0;0;0;3;0;3;1;2;0;0;0;0;0;0;0;0;0;0;0;0.4;0;0;0;0;2.6;0;19.2;0;0;0;0;0;0;0;0;0;0;0;0;0.4;0;0;0;0;0;0;0;0;0;0;0;0;0;0;0;0;0;0;0;0;0.1;0;0;0;0;0.3;0.1;0;0;0;0;0;0;0;0
48;"Intensive";0;2;1;0;0;0;1;0;1;0;0;0;0;0;0;0;0;0;14;0;0;0;3;0;0;0;0;0;0;0;0;3;0;0;0;3;0;0;0;0;0;0;0;0;0;0;0;0;11;1;0;2;7;0;3;0;0;0;0;0;0;0;0;0;0;0;14.2;2.2;0;27.4;0;1;0;0;0;0;0;0.1;0;0;0;0.2;0.3;0;0;0;0.2;0;0;0;0.2;0.1;0;0;0;0;0.3;0;0;0;0.1;0;0;0;0;0;0.1;0;0;0;0;0;0;0;0;0;0;0;0;0
49;"Intensive";2;0;0;0;0;0;1;0;0;0;0;0;0;0;0;0;0;0;0;0;0;0;0;0;0;0;0;0;10;0;0;0;0;0;0;1;0;0;0;0;0;1;0;0;0;0;0;0;0;0;1;2;1;0;21;0;0;0;0;0;0;0;0;0;0.2;0;1.8;0.4;0;31.4;0;3.2;0;0;0;0;0;0.6;0;0;0.1;0;0;0.1;0;0;1;0;0;0;0;0;0;0;0;0;0.1;0;0;0;0;0;0;0;0;0;0;0;0;0;0.1;0.1;0;0;0;0;0;0;0;0
50;"Intensive";11;0;7;1;0;0;4;0;0;0;0;0;0;0;0;1;0;2;18;0;0;0;2;0;0;0;0;0;47;0;1;0;1;0;0;4;0;0;0;0;0;0;0;0;0;0;0;0;10;1;20;5;0;0;0;0;0;0;0;0;0;0;0;0;0.8;0;0;0.4;0;14.4;0.2;0.8;0;0;0;0;0;0.4;0;0;0;0;0;0;0.1;0;0.2;0;0;0;0.4;0;0;0;0;0;0;0;0;0;0;0;0;0;0;0.1;0.6;0.1;0.1;0;0;0;0;0;0;0;0;0;0;0
51;"Intensive";1;0;0;2;0;0;0;0;0;0;0;0;0;0;0;0;0;1;0;0;0;0;0;0;0;0;0;0;0;0;0;0;0;0;1;2;0;0;0;0;0;2;0;0;0;0;0;0;8;0;7;0;0;0;15;0;0;0;0;0;0;0;0;0;2.8;0;0;0;0;1;0;7.8;0;0;0;0;0;0.4;0;0;0;0;0;0;0;0;1.1;0;0;0;0;0.1;0;0;0;0;0;0;0;0;0;0;0;0;0;0;0;0;0.8;0;0;0.1;0;0;0;0;0;0;0;0
52;"Intensive";0;0;0;2;0;0;0;0;0;0;0;0;0;0;0;2;0;1;0;0;0;0;0;0;0;0;0;0;0;8;5;3;0;0;0;5;0;0;0;0;0;0;0;1;0;4;0;0;21;1;11;2;0;0;13;0;0;0;0;0;0;0;0;0;0.6;0;3.2;0;0;60.6;0;0;0;0;0;0;0;1.5;0;0;0;0;0.1;0;0;0;1.2;0;0;0;0;0.2;0;0;0;0;0.1;0;0.1;0;0.1;0;0;0;0;0;0;0;0.1;0;0;0;0;0;0;0;0;0;0;0
53;"Intensive";0;1;0;0;0;0;0;0;0;0;0;0;0;0;0;0;0;0;0;0;0;0;0;0;0;0;0;0;0;0;0;3;0;0;0;0;0;0;0;0;0;0;0;0;0;0;0;0;1;0;0;6;2;0;1;0;0;0;0;0;0;0;0;0;1.4;0;0;0;0;1.2;0;0.4;0;0;0;0;0;0.5;0;0;0;0;0.1;0.1;0;0;1.1;0;0;0;0;0.6;0;0;0;0;0;0;0;0;0.1;0;0;0;0;0;0;0;0.3;0;0;0;0;0;0;0;0;0;0;0
54;"Intensive";12;0;0;0;0;0;1;0;0;0;0;0;0;0;0;0;0;0;0;0;0;0;0;0;0;0;0;0;0;0;0;0;0;0;0;1;0;0;1;0;0;0;0;0;0;0;0;0;6;0;5;0;0;0;0;0;0;0;0;0;0;0;0;0;0;0;0;4.8;0;15.8;0;8.6;0;0;0;0;0;0.8;0;0;0.1;0;0;0;3.1;0;0.6;0;0;0;0;0;0;0;0;0;0;0;0;0;0;0;0;0;0;0.1;1;1.1;0.4;0;1.2;0.8;0;0;0.1;0;0;0;0;0
55;"Intensive";2;0;1;0;0;0;0;0;0;0;0;0;0;0;0;0;0;0;0;0;0;0;3;0;0;0;0;0;0;0;0;0;0;0;0;1;0;0;0;0;0;13;0;0;7;0;0;0;11;0;0;0;0;0;2;0;0;0;0;0;0;0;0;0;1.4;0;0.4;0.2;0;8.8;1.2;2.4;0;0;0;0;0;0.7;0;0;0;0;0;0;0;0;0;0;0;0;0.3;0;0;0;0;0;0.1;0;0;0;0;0;0;0;0;0;0.1;0.3;0;0;0;0;0;0;0;0;0;0;0;0
56;"Intensive";7;0;1;0;0;0;2;0;0;0;0;0;0;0;0;0;0;0;7;0;0;0;1;0;0;0;0;0;0;0;0;0;0;0;0;0;0;0;0;0;0;3;0;0;0;0;0;0;0;0;17;0;9;0;0;0;0;0.6;0;0;0;0;0;0;0;0;0;0;0;1.8;0;2.4;0;0;0;0;0;0.4;0;0;0;0;0;0;0;0;0.2;0;0;0;0;0;0;0;0;0;0;0;0;0;0;0;0;0;0;0;0;0;0;0;0;0;0;0;0;0;0;0;0;0
57;"Intensive";8;0;10;4;0;0;0;1;4;0;0;0;0;0;0;1;0;0;7;0;0;0;0;0;0;0;1;2;1;2;0;0;0;0;0;0;0;0;0;0;0;0;0;0;0;0;0;0;1;0;12;0;0;0;0;0;0;0;0;0;0;0;0;0;0.8;0;0;0;0;2;0.4;3.2;0;;;;;;;;;;;;;;;;;;;;;;;;;;;;;;;;;;;;;;;;;;;;;;;
58;"Intensive";1;0;1;0;0;0;0;0;1;0;0;0;0;0;0;2;0;0;4;0;0;0;0;0;0;0;1;0;23;0;0;4;0;0;0;6;0;0;0;0;0;0;0;0;0;0;0;0;3;0;5;0;0;0;0;0;0;0.2;0;0;0;0;0;0;0.8;0;0.6;0.2;0;9.6;0;0.4;0;0;0;0;0;0.8;0;0;0;0.2;0;0.1;0;0;0.2;0;0;0;1.1;0.2;0;0;0;0;0.1;0;0;0;0;0;0;0;0;0;0;0.1;0;0;0;0;0;0;0;0;0;0;0;0
59;"Intensive";6;0;4;0;0;0;0;0;0;0;0;0;0;0;0;0;0;0;14;0;0;0;1;0;0;0;0;0;0;0;0;0;0;0;0;0;0;0;0;0;0;0;0;0;0;0;0;0;0;0;0;0;1;0;0;0;0;0.2;0;0;12;0;0;0;0.2;0;0;0;0;34.2;0;0;0;0;0;0;0;0;0;0;0;0;0;0;0;0;0.2;0;0;0;0;0;0;0;0;0;0;0;0;0;0;0;0;0;0;0;0.3;0.1;0;0;0;0;0;0;0;0;0;0;0;0
60;"Intensive";1;0;0;1;0;0;0;0;1;0;0;0;0;0;0;1;0;0;1;0;0;0;2;0;0;0;0;0;29;0;1;1;0;0;0;2;0;0;0;0;0;4;0;0;3;0;0;0;3;0;2;2;0;0;2;0;9;0;0;0;0;0;0;0.4;1.6;0;2.2;1.6;0;16;1.6;17;0;0;0;0;0;0.9;0;0.1;0;0;0;0;0;0;0.4;0;0;0;0;0;0;0;0;0;0;0;0;0;0;0;0;0;0;0;1.2;0.1;0;0;0.2;0.1;0;0;0;0;0;0;0;0
61;"Intensive";12;0;0;0;0;0;1;0;1;0;0;1;0;0;0;0;0;1;3;0;1;0;0;4;0;0;0;0;1;9;0;0;0;0;3;4;27;0;0;0;0;0;0;0;0;0;0;0;4;0;26;0;4;0;10;0;1;0;1.2;0;0;0;0;0;0;0;0;0;0;22.8;0;0;0;0;0;0;0;0.5;0;0;0;0;0;0;0;0;1.1;0.1;0;0;0;0.1;0;0;0;0;0.2;0;0;0;0;0;0;0;0;0;0.2;1;0;0;0;0;0;0;0;0;0;0;0;0
62;"Intensive";17;0;7;0;0;0;2;0;1;0;0;0;0;0;0;0;0;2;7;0;0;0;0;0;0;0;0;0;0;0;0;0;2;0;0;0;0;0;0;0;0;0;0;0;0;0;0;0;25;0;0;0;2;0;0;0;0;0;0;0;0;0;0;0;0;0;6;1;0;70;0;60;0;0;0;0;0;0.7;0;0;0;0;0.1;0;0.3;0;0.2;0;0;0;0;0;0;0;0;0;0;0;0;0;0;0;0;0;0;0;0;0.1;0;0;0.1;0;0;0;0;0;0;0;0;0
63;"Intensive";0;0;1;0;0;0;0;0;2;0;0;0;0;0;0;1;0;0;4;0;0;0;9;0;0;0;0;0;0;0;0;0;0;0;30;0;4;0;0;0;0;0;0;0;2;0;0;0;0;0;2;0;0;0;0;0;0;0.4;7;0;0.2;0;0;0;0.4;0;0;0.2;0;19;2;0;0;0;0;0;0;0.5;0;0;0;0;0;0;0;0;0.1;0;0;0;0.1;0;0;0;0;0;0.1;0;0;0;0;0;0;0;0;0.1;0;0;0;0.1;0;0.1;0;0;0;0;0;0;0;0
64;"Intensive";3;0;0;0;0;0;0;0;0;0;0;0;0;0;0;0;0;0;0;0;301;0;3;0;0;0;0;0;0;0;0;0;0;0;0;0;0;0;0;0;0;0;0;0;2;1;0;0;26;0;0;0;0;0;1;0;0;0;0.4;0;6;4.2;0;0;0.2;0;3.6;22.4;0;76.8;4.6;0;0;0;0;0;0;0.1;0;0;0;0.1;0;0.1;0.7;0;0.3;0;0;0;0;0.1;0;0;0;0;0.4;0;0.3;0;0.2;0;0;0;0;0.3;2.1;1.4;0.1;0;0;0;0;0;0.1;0;0;0;0;0
65;"Intensive";1;0;0;2;1;0;1;0;3;0;0;0;0;0;0;1;0;0;19;0;0;0;25;0;0;0;0;0;0;0;0;4;0;0;0;1;0;0;0;0;0;0;0;0;4;0;0;0;0;0;4;1;3;0;0;0;0;0;0;0;0;0;0;0;1.4;0;0;0;0;27.2;1.4;1.2;0;0;0;0;0;0.6;0;0;0.1;0;0;0;0;0;0.3;0.1;0;0;0.1;0;0;0;0;0;0;0;0;0;0;0;0;0;0;0;0;0;0;0;0;0.1;0;0;0;0;0;0;0;0
66;"Intensive";12;0;1;0;0;0;0;0;2;0;0;0;0;0;0;1;0;1;0;0;0;0;0;3;0;0;0;0;9;2;0;0;0;0;0;1;0;0;0;0;0;1;0;0;0;0;0;0;0;0;0;0;0;1;0;0;0;0;0;0;0;0;0;0;0;0;0;0;0;412;0;0;0;0;0;0;0;0.6;0;0;0;0;0;0;0;0;0.9;0;0;0;0;0;0;0;0;0;0.5;0;0.1;0;0;0;0;0;0;0.2;0.6;0.7;0.1;0.1;0;0.1;0;0;0;0;0;0;0;0
67;"Intensive";0;0;0;0;0;0;0;0;0;0;0;0;0;0;0;1;0;0;0;0;0;0;0;0;0;0;0;0;13;0;0;0;0;0;0;0;0;0;0;0;0;0;0;0;0;0;0;0;0;0;0;0;0;0;2;0;0;0.6;0;0;0;0;0;0;1.4;0;0;0.2;0;183;0;0.4;0;0;0;1;0;1.5;0;0.2;0;0.1;0.2;0.4;0;0;0.2;0;0;0;0;0.1;0;0;0;0;0.1;0;0.3;0;0;0;0;0;0;0.4;1.8;1.4;0;0;0;0;0;0;0;0;0;0;0;0
68;"Intensive";0;0;0;0;0;0;0;1;1;0;0;0;0;0;0;0;0;0;55;0;0;0;11;0;0;0;0;0;0;0;0;0;0;0;3;0;0;0;0;0;0;0;0;0;0;0;0;0;2;0;10;0;0;0;0;0;0;5.6;0;0;0;0;0;0.2;0;0;1.2;0;0;5.2;0.2;9.4;0;0;0;0;0;0.1;0;0.1;0;0;0;0;0;0;0;0;0;0;0;0;0;0;0;0;0;0;0;0;0;0;0;0;0;0;0;0;0;0;0;0.1;0;0;0;0;0;0;0;0
69;"Intensive";0;0;0;0;0;0;0;0;0;0;0;0;0;0;0;0;0;1;0;0;0;0;0;0;0;0;0;0;7;0;0;1;0;0;1;6;0;0;0;0;0;15;0;0;0;2;0;0;3;0;0;2;3;0;6;0;0;0;0;0;0;0;0;0;0.8;0;0.2;0;0;81.6;0;3;0;0;0;0;0;0.8;0;0.1;0;0;0.2;0;0;0;0.3;0;0;0;0;0;0;0;0;0;0.1;0;0;0;0;0;0;0;0;0;0;0;0;0.1;0;0;0;0;0;0;0;0;0;0
70;"Intensive";0;0;0;1;0;0;0;0;0;0;0;0;0;0;0;1;0;0;15;0;0;0;0;0;0;0;0;0;0;0;0;0;0;0;0;5;0;0;0;0;0;0;0;0;0;0;0;0;0;1;5;0;3;0;0;0;0;0.4;0;0;0;0;0;0;0;0;0;0;0;0.6;0;3.2;0;0;0;0;0;0.8;0;0;0.1;0;0;0;0;0;1.4;0;0;0;0;0.6;0;0;0;0;0;0;0;0;0;0;0;0;0;0;0;0;0;0;0;0;0;0;0;0;0;0;0;0
71;"Intensive";1;1;0;0;0;0;0;0;0;0;0;0;0;0;0;0;0;0;0;0;0;0;0;0;0;0;0;0;0;3;0;4;0;0;0;2;0;0;0;0;0;21;0;0;3;0;0;0;0;0;6;0;0;0;0;0;0;0;0;0;0;0;0;0;0;0;1.6;0;0;51.6;0;14.6;0;0;0;0;0;0.3;0;0.1;0.1;0;0;0;0;0;0.8;0.1;0;0;0;0.1;0;0;0;0;0;0;0;0;0.1;0;0;0;0;0;0.1;0;0;0;0;0.1;0;0;0;0;0;0;0;0
72;"Intensive";0;0;0;0;0;0;1;0;0;0;0;0;0;0;0;2;0;0;0;0;0;0;0;0;0;0;0;0;0;0;0;0;0;0;3;0;0;0;0;0;0;0;0;0;0;0;0;0;0;0;2;0;0;0;3;0;0;0;0;0;0;0;0;0;0;0;3;0;0;236;0;0;0;0;0;0;0;0.3;0;0;0;0;0;0;0;0;0.2;0;0;0;0;0.2;0;0;0;0;0;0;0;0;0;0;0;0;0;0.4;0.2;0.1;0;0;0;0;0;0;0;0;0;0;0;0
73;"Intensive";0;0;0;0;0;0;0;0;0;0;0;0;0;0;0;0;0;0;0;0;0;0;0;0;0;0;0;0;0;0;0;0;0;0;0;0;0;0;0;0;0;0;0;0;0;0;0;0;3;5;6;9;0;0;1;0;0;0;0;0;0;0;0;0;2.4;0;2.6;10;0;2;0.2;4;0;0;0;0;0;0;0;0;0;0;0;0;0;0;0;0;0;0;0.1;0.1;0;0;0;0;0;0;0;0;0;0;0;0;0;0;0;0;0;0;0;0;0;0;0;0;0;0;0;0
74;"Intensive";1;0;0;1;0;0;0;0;0;0;0;0;0;0;0;0;0;1;15;0;0;0;0;0;0;0;0;0;5;0;0;0;1;0;0;1;0;0;0;0;0;1;0;0;1;0;0;0;11;1;6;0;0;0;1;0;1;0;0;0;0;0;1;0;0.6;0;0.2;0.2;0;13.2;0.2;2;0;0;0;0;0;1.2;0;0;0;0;0;0.2;0;0;0.2;0;0;0;0.3;0;0;0;0;0;0;0;0;0;0;0;0;0;0;0;0;0;0;0;0;0;0;0;0;0;0;0;0;0
75;"Intensive";5;2;0;0;0;0;1;0;4;0;0;0;0;0;0;2;0;0;2;0;0;0;0;0;0;0;0;0;26;2;0;0;0;0;0;1;0;0;0;0;0;0;0;0;0;0;0;0;0;0;8;0;0;0;3;0;21;0;0;0;0;0;0;0;1.4;0;0;0;0;0.4;0;0.2;0;0;0;0;0;0.2;0;0;0;0;0.1;0.1;0;0;0.5;0;0.5;0;0.4;0;0;0;0.3;0;0;0;0;0;0.2;0;0;0;0;0.2;1.4;0.3;0.1;0;0;0;0;0;0;0;0;0;0;0
76;"Intensive";9;0;0;0;0;0;1;0;0;0;0;0;0;0;0;0;0;0;13;0;0;0;0;0;0;0;0;1;4;1;1;4;4;0;0;4;0;0;0;0;0;0;0;0;1;0;0;0;0;0;2;1;0;0;8;0;0;0;0;0;0;0;0;0;2.4;0;1;1.6;0;9.4;0;2;0;0;0;0;0;0.3;0;0;0;0;0;0;0;0;0;0;0;0;0;0;0;0;0;0;0;0;0.1;0;0;0;0;0;0;0;0.1;0.1;0;0;0;0;0;0;0;0;0;0;0;0
77;"Intensive";7;0;0;0;4;0;1;0;4;0;0;0;0;0;0;1;0;0;14;0;0;0;17;0;0;0;0;0;0;0;0;0;0;0;1;5;0;0;0;0;0;0;0;0;0;0;0;0;2;0;0;0;0;0;0;0;0;0.8;0;0;0;0;0;0;2;0;0;1;0;0.4;0;1.8;0;0;0;0;0;0.6;0;0;0.1;0;0;0;0;0;0;0;0;0;0.1;0;0;0;0;0;0;0;0;0;0;0;0;0;0;0;0;0;0;0;0;0;0;0;0;0;0;0;0;0
78;"Intensive";0;0;1;0;0;0;0;0;0;0;0;0;0;0;0;0;0;2;21;0;2;0;2;0;0;0;0;0;0;0;0;0;0;0;0;2;0;0;0;0;0;4;0;0;0;0;0;0;0;0;4;1;0;0;0;0;0;0;0;0;0;0;0;0;0;0;0.2;0;0;3.6;1.2;0.2;0;0;0;0;0;0.3;0;0;0;0;0;0;0;0;0;0;0;0;0;0;0;0;0;0;0;0;0;0;0;0;0;0;0;0;0;0;0;0;0;0.1;0;0;0;0;0;0;0;0
79;"Intensive";3;0;2;0;0;0;0;0;0;0;0;0;0;0;0;1;0;0;3;0;0;0;0;0;0;0;0;0;10;0;0;0;0;0;0;0;0;0;0;0;0;0;0;0;0;0;0;0;4;0;0;2;0;0;0;0;0;0;0;6;0;0;0;0;0;0;0;0;0;118.2;0;6;0;0;0;0;0;0.8;0;0;0;0;0;0;0.5;0.1;0;0;0;0;0;0;0;0;0;0;0;0;0;0;0;0;0;0;0;0;0;0.2;0.1;0;0;0.2;0;0;0;0;0;0;0;0
80;"Intensive";0;0;1;1;0;0;0;0;1;0;0;0;0;0;0;0;0;0;0;0;0;0;0;0;0;0;0;0;28;0;0;0;1;0;0;1;0;0;0;0;0;0;0;0;0;0;0;0;5;0;1;3;1;0;0;0;1;0;0;0;0;0;0;0;0;0;2;2;0;141;0;11;0;0;0;0;0;1.4;0;0;0;0.3;0;0;0;0;0.2;0;0;0;0.5;0;0;0;0;0;0.2;0.1;0;0;0;0;0;0;0;0;0;0;0.2;0;0;0;0;0;0;0.1;0;0;0;0
81;"Intensive";0;0;0;0;0;0;1;0;0;0;0;0;0;0;0;1;0;0;0;0;0;0;0;0;0;0;0;0;0;0;0;1;1;0;0;1;0;0;0;0;0;0;3;0;1;0;0;0;1;0;4;0;0;0;1;0;1;0;0;0;0;0;0;0;3.4;0;0.4;5.4;0;37;0;0;0;0;0;0;0;1.8;0;0;0;0.1;0.7;0.2;0;0;0.6;0;0;0;0;0.5;0;0;0;0;0.1;0.4;0.2;0;0;0;0;0;0;0;0.4;0;0;0;0;0;0;0;0;0;0;0;0;0
82;"Intensive";0;0;0;0;0;0;0;0;0;0;0;0;0;0;0;0;0;0;0;0;0;0;30;0;0;0;0;0;0;0;0;0;0;0;0;8;0;0;0;0;0;0;0;0;0;0;0;0;0;0;6;0;5;0;0;0;0;0;0;0;0;0;0;0;0.4;0;0;0.6;0;2.4;0;5.4;0;0;0;0;0;0.2;0;0.1;0.3;0;0;0;0;0;0.4;0;0;0;0;0.2;0;0;0;0;0;0;0;0;0.1;0;0;0;0;0;0;0;0;0.4;0.1;0.2;0;0;0;0;0;0;0;0
83;"Intensive";0;0;0;0;0;0;1;0;1;0;0;0;0;0;0;5;0;0;0;0;0;0;0;0;0;0;0;0;19;0;3;0;0;0;8;5;0;0;0;0;0;6;0;0;1;0;0;0;1;0;26;6;0;0;13;0;0;0;0;0;0;0;0.2;0;6.8;0;6.2;7.4;0;101.6;0;0.4;0;0;0;0;0;1.3;0;0;0.1;0.7;0.6;0.2;0;0;0.8;0;0;0;0.1;0.3;0;0;0;0;0.2;0;0.1;0;0.1;0;0;0;0;0;0;0;0;0;0;0;0;0;0;0;0;0;0;0
84;"Intensive";4;0;0;0;0;0;0;0;1;0;0;0;0;0;0;0;0;0;0;0;0;0;0;0;0;0;0;0;0;0;0;0;0;0;0;0;0;0;0;0;0;0;0;0;0;0;0;0;0;0;0;0;0;0;0;0;0;0;0;0;0;0;0;0;0;0;0;0;0;1.2;0.2;1;0;0;0;0;0;0.2;0;0;0;0;0;0;0;0;0.1;0;0;0;0;0;0;0;0;0;0;0;0;0;0;0;0;0;0;0;0;0;0;0;0;0;0;0;0;0;0;0;0;0
85;"Intensive";1;0;0;0;0;0;0;0;0;0;0;0;0;0;0;0;0;0;82;0;0;0;10;0;0;0;0;0;0;0;0;0;3;0;0;1;0;0;0;0;0;2;0;0;3;0;0;0;10;0;9;0;0;0;0;0;0;0.6;0;0;0;0;0;0.8;0.2;0;0;0.2;0;0.8;0.8;1;0;0;0;0;0;0.3;0;0;0;0;0;0;0;0;0.1;0;0;0;0;0;0;0;0;0;0;0;0;0;0;0;0;0;0;0;0;0.1;0;0;0;0;0;0;0;0;0;0;0;0
