"Acicula lineata";"Aegopinella minor";"Aegopinella nitens";"Aegopinella pura";"Allolobophora chlorotica";"Aporrectodea icterica";"Androniscus roseus";"Aporrectodea caliginosa";"Aporrectodea nocturna";"Aporrectodea tuberculata";"Aporrectodea giardi";"Aporrectodea longa";"Aporrectodea";"Aporrectodea rosea";"Arion";"Armadillidium nasatum";"Armadillidium versicolor";"Armadillidium vulgare";"Boettgerilla pallens";"Bourletiella hortensis";"Carychium tridentatum";"Cecilioides acicula";"Cepaea hortensis";"Cepaea nemoralis";"Cepaea";"Ceratophysella bengtssoni";"Ceratophysella denticulata";"Choreutinula inermis";"Cochlicopa lubrica";"Columella edentula";"Cryptopygus thermophilus";"Cylisticus convexus";"Dendrobaena octaedra";"Dendrodrilus rubidus";"Dendrodrilus subrubicundus";"Deroceras";"Desoria";"Dicyrtomina ornata";"Discus rotundatus";"Entomobrya marginata";"Entomobrya multifasciata";"Folsomia candida";"Folsomia quadrioculata";"Folsomia similis";"Folsomia spinosa";"Folsomides parvulus";"Fruticicola fruticum";"Galba truncatula";"Haplophthalmus danicus";"Haplophthalmus mengei";"Helix pomatia";"Heteromurus nitidus";"Hygromia cinctella";"Hyloniscus riparius";"Hypogastrura purpurescens";"Isotoma viridis";"Isotomiella minor";"Isotomurus balteatus";"Isotomurus graminis";"Isotomurus palustris";"Kalaphorura";"Laciniaria plicata";"Lepidocyrtus cyaneus";"Lepidocyrtus lignorum";"Lepidocyrtus violaceus";"Ligidium hypnorum";"Limax maximus";"Lumbricus castaneus";"Lumbricus festivus";"Lumbricus rubellus";"Lumbricus terrestris";"Macrogastra attenuata";"Megalothorax minimus";"Mesaphorura macrochaeta";"Metaphorura affinis";"Monachoides incarnatus";"Neanura muscorum";"Nesovitrea hammonis";"Octolasion cyaneum";"Octolasion lacteum";"Oniscus asellus";"Onychiurus";"Oxychilus cellarius";"Oxychilus draparnaudi";"Oxychilus";"Paralaoma servilis";"Parisotoma notabilis";"Philoscia muscorum";"Platyarthrus hoffmannseggii";"Pogonognathellus flavescens";"Porcellio scaber";"Porcellionides pruinosus";"Protaphorura pulvinata";"Pseudosinella alba";"Pseudosinella pseudopetterseni";"Punctum pygmaeum";"Pupilla muscorum";"Schoettella ununguiculata";"Sminthurinus aureus";"Sphaeridia pumilis";"Stenaphorura denisi";"Succinea putris";"Succinea oblonga";"Tandonia budapestensis";"Trachelipus rathkii";"Trichoniscus pygmaeus";"Trochulus clandestinus";"Trochulus sericeus";"Trochulus";"Vallonia costata";"Vallonia excentrica";"Vallonia pulchella";"Vallonia";"Vertigo antivertigo";"Vertigo pusilla";"Vertigo pygmaea";"Vertigo";"Vitrea contracta";"Vitrea crystallina";"Vitrinobrachium breve"
"1_Extensive";0;0;0;0;0;1;0;0;0;0;0;1;0;0;0.4;0;0;0;0;0;0;0;0;0;0;0;0;0;0;0;0;0;0;0;0;0.2;0;0;0;0;0;0;93;0;0;0;0;0;0;0;0;0;0;3.2;0;0;12;0;0;0;0;0;0;0;0;0;0;0;0;0;1;0;0;0;0;0;0;0;0;0;0;0;0;0;0;0;74;12;0;0;0.2;0;0;0;19;0;0;0;5;0;0;0;0;0;8.4;0;0;0;0.3;0;0;0;0;0;0;0;0;0;0;0
"2_Extensive";0;0;0;0;0;0;0;0;1;0;0;1;0;7;0.3;0;0;0;0;0;0;0;0;0;0;0;0;0;0;0;0;0;0;0;0;0.3;0;0;0;0;0;0;3;0;0;0;0;0;0;0;0;3;0;1.4;0;3;8;0;0;0;0;0;0;2;0;0;0;0;0;0;4;0;0;0;0;0;0;0;0;0;2.2;0;0;0;0;0;36;9;0;2;0.8;0;20;0;0;0;0;0;13;0;0;0;0;0;1;0;0;0;0.1;0;0;0;0;0;0;0;0;0;0;0
"3_Extensive";0;0;0;0.1;0;0;0;0;0;0;0;0;0;0;1.3;0;0;0;0;2;0;0;0;0.2;0;0;0;0;0;0;2;0;0;0;0;0.8;0;0;0;0;0;0;0;0;3;0;0;0;0;0;0;0;1.3;0;0;0;0;1;0;0;0;0;0;0;0;0;0;0;0;0;1;0;0;0;0;0;0;0;0;1;0;0;0;0;0;0;1;1;0;0;64.8;0.4;1;0;3;0;0;0;0;0;0;0;0;0;0;0;0.2;0.6;0.1;0.2;0.1;0.1;0.2;0;0;0;0;0;0;0
"4_Extensive";0;0;0;0;0;0;0;0;0;0;0;0;1;0;0.3;0;0;0;0;0;0.1;0;0;0;0;0;0;0;0;0;0;0;0;0;0;2;0;0;0;0;0;0;1;0;0;0;0;0;0;0;0;0;0;0.2;0;1;7;0;0;0;0;0;0;0;0;0;0;0;0;0;0;0;0;0;0;0;0;0;0;0;0.4;0;0;0;0;0;76;3.4;0;0;1.2;0;52;0;0;0;0;0;34;0;0;0;0;0;0;0;0.1;0.2;0;0;0;0;0;0;0;0;0;0;0;0
"5_Extensive";0;0;0;0;1;0;0;0;0;0;0;0;0;2;0;0;0;0;0;0;0;0.1;0;0;0;0;0;0;0;0;3;0;0;0;0;1;0;0;0;0;0;0;0;0;0;1;0;0;0;0;0;0;0;0;0;0;0;0;0;0;0;0;0;4;0;0;0;0;0;0;0;0;0;0;0;0;0;0;0;0;0.6;0;0;0;0;0;20;0;0;0;2.2;0;9;4;21;0;0;0;2;0;0;0;0;0.1;0.4;0;0;0.1;0.1;0;0;0;0.1;0;0;0;0;0;0;0
"6_Extensive";0;0;0;0;1;1;0;0;2;1;0;0;0;1;0.4;0;0;0;0;0;0;0;0;0;0;0;0;0;0;0;2;0;0;0;0;0.5;0;0;0;0;0;0;0;0;0;2;0;0;0;0;0.1;0;0.1;1;0;10;15;0;0;0;0;0;0;0;0;0;0;0;0;0;1;0;0;0;0;0;0;0;0;0;0.2;0;0;0;0;0;2;0;0;0;1.6;0;36;0;21;0;0;0;4;0;0;0;0.1;0;1.4;0;0;0;0;0.3;0;0;0;0;0;0;0;0;0;0
"7_Extensive";0;0;0;0;43;1;0;0;0;0;0;0;0;0;0.7;0;0;0;0;0;0;0;0;0;0;0;0;0;0;0;0;0;0;0;0;0;0;0;0;0;0;0;0;0;0;0;0.3;0;0;0;0;6;0.8;1.4;0;0;17;0;0;0;0;0;0;0;0;0;0;0;0;0;0;0.1;0;3;0;0;0;0;0;0;0.2;0;0;0;0.1;0;147;11.8;0;0;0;0;58;0;4;0.1;0;0;12;3;0;0;0;0;1.6;0;0.1;0.1;0.4;0;0;0;0;0;0;0;0;0;0;0.2
"8_Extensive";0;0;0;0;0;0;0;0;0;0;0;1;1;0;1.1;0;0;0;0;0;0;0;0;0.1;0;0;0;0;0;0;0;0;0;0;0;0.7;0;0;0;0;0;0;30;6;0;0;0;0;0;0;0;3;0;5;0;0;11;0;0;0;0;0;0;0;0;0;0;0;0;0;0;0;0;0;0;0;0;0;0;0;7.6;0;0.6;0;0;0;2;15.2;0;1;113.4;0;30;0;0;0;0;0;5;0;0;0;0;0;0;0;0;0;0;0;0;0;0;0;0;0;0;0;0;0
"9_Extensive";0;0;0;0;0;0;0;0;3;0;0;0;0;2;0.4;0;0;0;0;0;0;0;0;0;0;0;0;0;0;0;0;0;0;0;0;1.3;0;0;0;0;0;0;54;0;0;0;0;0;0;0;0;0;0;0.2;0;0;1;0;0;0;0;0;0;0;0;0;0;0;0;0;1;0;0;0;0;0;0;0;0;0;0;0;0;0;0;0;25;0;0;0;39.2;0;21;0;0;0;0;0;26;0;0;0;0;0;0;0;0;0.3;1;0.2;0;0;0;0;0;0;0;0;0;0
"10_Extensive";0;0;0;0;0;0;0.2;1;0;0;0;0;0;0;0.6;0;0;0;0;0;0;0;0;0;0;0;1;0;0;0;0;0;0;0;0;1.2;0;0;0;0;0;0;0;6;0;0;0;0;0;0;0;0;0;0;0;0;4;0;0;0;0;0;0;0;0;0;0;0;0;0;2;0;0;0;0;0;0;0;0;0;0;0;0;0;0;0;34;0;0;0;3.2;0.4;22;0;0;0;0;0;24;0;0;0;0;0;5.6;0;0.1;0;0;0;0;0;0;0;0;0;0;0;0;0
"11_Extensive";0;0;0;0;0;0;0.4;0;0;2;0;0;0;0;0.5;0;0;0;0;0;0;0;0;0;0.1;0;0;0;0.3;0;0;0;0;0;0;2.1;0;0;0.1;0;0;0;0;0;0;0;0;0;0;0;0.1;0;0.1;0;0;2;1;0;0;0;0;0;0;3;0;0;0;0;0;0;0;0;0;0;0;0;0;0;0;0;0.4;0;0;0;0;0;90;0;0;1;37.6;0;0;0;0;0;0;0;83;0;0;0;0;0;0.4;0;0;0;0.4;0;0.4;0.4;0;0;0;0;0;0;0;0
"12_Extensive";0;0;0;0;0;2;0;0;2;0;0;1;1;1;0.5;0;0;0;0.1;0;0;0;0;0;0.1;0;0;0;0;0;0;0;0;0;0;0.4;0;0;0;0;0;0;2;0;1;0;0;0;0;0;0;0;0.3;1;0;0;1;0;0;0;0;0;0;0;0;0;0;0;0;0;1;0;0;0;0;0;0;0;0;0;0.2;0;0;0;0;0;0;0.4;0;0;22.8;0;2;0;3;0;0;0;1;0;0;0;0;0;5.6;0;0;0;0;0;0;0;0;0;0;0;0;0;0;0
"13_Extensive";0;0;0;0;0;0;0.2;0;0;0;0;1;0;0;0;0;0;0;0;8;0.2;0.1;0;0;0;0;0;0;0.1;0;0;0;0;0;0;1.6;0;0;0.1;0;0;0;0;5;0;0;0;0;0;0;0;5;0.6;0.6;0;0;4;0;0;0;0;0;0;0;0;0;0;0;0;0;0;0;0;4;0;0;0;0;0;0;0;0;0;0;0;0;10;2.4;0;1;18;1.6;6;0;0;0;0;0;0;0;0;0;0;0;54;0;0;0;0;0.4;0;0.6;0.4;0.1;0;0;0;0;0;0.1
"14_Extensive";0;0;0;0;3;0;0;6;0;0;0;3;0;0;0.6;0;0;0;0;6;0;0;0;0;0;0;0;0;0;0;0;0;0;0;0;0.4;0;0;0;0;0;0;0;0;0;0;0;0;0;0;0;0;0.2;0;0;0;5;0;0;0;0;0;0;3;0;0;0.1;0;0;0;2;0;0;0;0;0;0;0;0;0;6;0;0.1;0;0;0;0;46.6;0;0;179.4;0;4;2;0;0;0;0;0;0;0;0;0;0;0.4;0;0;0;0;0;0;0;0;0;0;0;0;0;0;0
"15_Extensive";0;0;0;0;1;0;0;2;0;0;0;0;1;0;1.1;0;0;0;0;0;0;0.1;0;0.2;0;0;0;0;0.1;0;0;0;0;0;0;0.6;0;0;0;0;0;0;0;0;0;0;0;0;0;0;0.1;0;0;0;0;0;0;0;0;0;0;0;0;0;0;0;0;0;0;0;0;0;0;0;0;0;0;0;0;0;2;0;0;0;0;0;3;0;0;0;61.2;0;0;2;0;0;0;0;0;0;0;0;0;0;12.2;0;0;1.3;0.7;0.3;0;0;0;0;0;0;0;0;0;0
"16_Extensive";0;0;0;0;0;1;0;0;0;0;0;0;0;0;0.5;0;0;0;0;0;0.1;0;0;0;0;0;0;0;0;0;0;0;0;0;0;0.5;0;0;0;0;0;0;0;18;0;0;0;0;0;0;0;0;0.1;0.2;0;0;24;0;0;0;0;0;0;0;0;0;0;0;0;0;1;0;0;0;26;0;0;0;0;0;0;0;0;0;0;0;74;0;0;0;14.8;0;11;4;1;0.1;0;0;8;0;0;0;0;0;2.2;0;0;0;0;0.1;0;0;0;0;0;0;0;0;0;0
"17_Extensive";0;0;0;0;0;0;0;0;0;0;0;0;0;0;0.2;0;0;0;0;3;0;0;0;0;0;0;0;0;0;0;0;0;0;0;0;0.6;0;0;0;0;0;0;0;6;0;0;0;0;0;0;0;0;0.1;0;0;50;0;0;0;0;0;0;0;0;0;0;0;0;0;0;1;0;0;0;0;0;0;0;0;0;2;0;0.1;0;0;0;12;0;0;2;392;0;19;0;0;0;0;0;0;0;0;0;0;0;0;0;0;0.6;0.9;0;0;0;0;0;0;0;0;0;0;0
"18_Extensive";0;0;0;0;0;0;0;0;0;0;0;0;0;0;0.4;0;0;0;0;2;0;0;0;0.2;0;0;0;0;0;0;1;0;0;0;0;0.7;0;0;0;0;0;0;0;0;0;2;0;0;0;0;0;0;0.2;0;0;0;1;0;0;0;0;0;0;0;0;0;0;0;0;0;1;0;0;0;0;0;0;0;0;0;0;0;0.3;0;0.4;0;2;0;0;7;260;0;0;6;0;0;0;0;0;0;0;0;0;0;0;0;0.3;0.8;0.4;0.4;0;0;0;0;0;0;0;0;0;0
"19_Extensive";0;0;0;0;0;0;0;1;0;0;0;0;0;0;0.1;0;0;0;0;0;0;0;0;0;0;0;0;0;1.1;0;0;0;0;0;0;0.2;0;0;0;0;0;0;0;2;0;0;0;0;0;0;0;0;0;0;0;4;0;0;0;0;0;0;0;0;0;0;0;0;0;0;2;0;0;1;1;0;0;0;0;0;0;0;0;0;0;0;0;0;0;0;196;0;1;0;0;0;0;0;0;0;1;0;0;0;0.4;0;0;0;0;0.1;0;0.1;0.1;0;0;0;0;0;0;0
"20_Extensive";0;0;0;0;0;0;0;0;0;0;0;0;0;1;1.6;0;0;0;0;0;0;0;0;0.1;0;0;0;0;0;0;0;0;0;0;0;0.6;0;0;0;0;0;0;0;0;0;0;0;0;0;0;0;0;0.2;0;0;0;0;0;0;0;0;0;0;0;0;0;0;0;0;0;2;0;0;0;0;0;0;0;0;0;0;0;0.1;0;0;0;0;0;0;2;132.6;0;0;0;0;0.1;0;0;2;0;0;0;0;0;0;0;0;0.1;0;0;0;0;0;0;0;0;0;0;0;0
"21_Extensive";0;0;0;0;0;0;0;0;1;0;0;0;0;0;0.1;0;0;0;0;2;0;0;0;0;0;0;0;0;0;0;0;0;0;0;0;1.1;0;0;0;0;0;0;0;21;0;8;0;0;0;0;0;0;0;0.2;0;6;4;5;0;0;0;0;0;0;0;0;0;0;0;0;3;0;0;0;0;0;0;0.1;0;0;0;0;0;0;0;0;0;0;0;0;0.6;0;39;0;3;0.1;0;0;0;0;0;0;0;0;0;0;0;0;0;0;0;0;0;0;0;0;0;0;0;0
"22_Extensive";0;0;0;0;4;1;0.4;0;0;0;0;1;0;1;0.2;0;0;0;0;0;0;0;0;0;0;0;0;0;0;0;0;0;0;0;0;0.2;0;0;0;0;0;0;0;5;0;0;0;0;0;0;0;0;0;0;0;0;2;0;0;0;0;0;0;0;0;0;0;0;0;0;0;0;0;0;0;0;0;0;0;0;0;0;0;0;0;0;39;0;0;0;0.8;0.2;15;0;36;0;0;0;0;0;0;0;0;0;14.6;0;0;0;0.2;0;0;0;0;0;0;0;0;0;0;0
"23_Extensive";0;0;0;0;11;0;0;2;0;0;0;4;0;0;0.1;0;0;0;0;0;0;0;0;0;0;0;0;0;0;0;0;0;0;0;0;0.3;0;0;0;0;0;0;0;0;0;1;0;0;0;0;0;1;0;0;0;0;0;17;0;0;0;0;0;0;0;0;0;0;0;0;0;0;0;1;2;0;0;0;0;0;0.2;0;0.1;0;0;0;1;0;0;0;47.2;0;3;0;0;0;0;0;4;0;0;0;0;0.2;1.4;0;0;2.2;3;0.5;0;0;0;0;0;0;0;0;0;0
"24_Extensive";0;0;0;0;4;2;0.2;0;0;0;0;1;0;2;1.2;0;0;0;0;0;0;0;0;0;0;0;0;0;0;0;0;0;0;0;0;1.2;0;0;0;0;0;0;0;0;0;0;0;0;0;0;0;0;0.1;2.2;0;0;0;0;0;0;0;0;0;8;0;0;0;0;0;1;1;0;0;0;15;0;0;0;0;0;0;0;0;0;0;0;28;1.6;0;0;8.8;0.2;0;30;0;0;0;0;0;0;3;0;0;0;2;0;0.1;1;1;0.1;0;0;0;0;0;0;0;0;0;0
"25_Extensive";0;0;0;0;0;4;0;0;2;0;0;0;0;0;0.2;0;0;0;0;0;0;0;0;0;0;0;0;0;0.7;0;0;0;0;0;0;0.5;31;0;0;0;0;0;0;0;0;0;0;0;0;0;0;0;0;0.4;0;7;8;0;0;0;0;0;0;0;0;0;0;0;0;0;1;0;0;0;0;0;1;0;1;0;0.2;0;0;0;0;0;1;0.2;0;0;0;0;0;0;1;0;0;0;3;0;0;0;0;0;17.8;0;0;0;0;0;0.1;0;0;0;0;0;0;0;0;0
"26_Extensive";0;0;0;0;0;0;0.4;0;0;0;0;1;0;2;0.1;0;0;0;0;2;0;0;0;0.1;0;0;0;0;0;0;0;0;0;0;0;0.3;0;0;0;0;0;0;46;0;0;0;0;0;0;0;0;0;0;0.4;0;2;7;0;0;0;0;0;0;2;0;0;0;0;0;0;0;0;0;0;0;0;0;0;0;0;0;0;0;0;0;0;106;0.6;0;2;5.6;0;9;2;14;0;0;0;5;0;0;0;0;0;0;0;0;0.3;0;0.2;0;0;0;0;0;0;0;0;0;0
"27_Extensive";0;0;0;0;4;1;0;4;0;0;0;0;0;7;0.3;1;0;0;0;0;0;0;0;0;0;0;0;0;0;0;0;0;0;0;0;1.7;1;0;0;0;0;0;1;1;0;0;0;0;0;0;0;0;0;0;0;1;2;1;0;0;0;0;0;0;0;0;0;0;0;0;7;0;0;0;0;0;0;0;0;0;0;0;0;0;0;0;7;1;0;0;48.8;0;7;0;12;0;0;0;0;0;0;0;0;0;49.4;0;0;0.6;0.9;0;0;0;0;0;0;0;0;0;0;0
"28_Extensive";0;0;0;0;0;0;0;2;1;0;0;0;0;1;0.2;0;0;0;0;0;0;0.1;0;0;0;0;0;0;0.1;0;0;0;1;0;0;0.3;0;0;0;0;0;0;0;5;0;1;0;0;0;0;0;0;0.4;0.2;0;0;2;29;0;0;0;0;0;4;0;1.2;0;0;0;0;0;0;0;0;0;0.1;0;0;0;1;2.8;0;0;0;0;0;16;2;0;4;30.6;0;7;0;0;0;0;0;14;0;0;0;0.2;0;26.8;0;0;0;0;0;0;0;0.1;0;0;0;0.1;0;0;0
"29_Extensive";0;0;0;0;0;0;2.6;0;0;0;0;0;0;0;0.2;0;0;0;0;0;0;0;0;0.1;0;0;0;0;0;0;0;0;0;0;0;0.7;0;0;0;0;0;0;10;0;0;2;0;0;0;0;0;0;0;2;0;0;6;0;0;0;0;0;0;0;0;0;0;0;0;0;3;0;0;3;0;0;0;0;0;0;0;0;0;0;0;0;0;0;0;0;3.4;0;11;0;0;0;0;0;17;0;3;0;0;0;2;0;0;0.2;1.3;0.2;0;0;0;0;0;0;0;0;0;0
"30_Extensive";0;0;0;0;1;0;0;0;0;0;1;2;0;0;0.4;0;0;0;0;10;0.2;0.1;0;0.1;0;0;0;0;0;0;0;0;0;0;2;0;0;0;0;0;0;0;2;5;2;0;0;0;0;0;0.8;0;0.1;0.2;0;0;20;0;0;0;0;0;0;0;1;0;0;0;0;0;0;0;0;0;0;0;0;0;0;1;0;0;0;0;0;0;4;0;0;0;39.4;0.6;10;0;2;0;0;0;0;0;0;0;0;0;0.2;0;0;0;0;0;0;0.1;0;0;0;0;0;0;0;0
"31_Extensive";0;0;0.1;0;0;1;0;4;3;1;0;0;0;0;5.8;0;0;0;0;0;0.1;0;0;0;0;0;0;0;0;0;0;0;0;0;1;0.2;0;0;0.1;0;0;0;26;0;12;0;0.7;0;0;0.2;0;0;0;21.4;0;0;11;0;0;0;0;0;0;6;0;0;0;0;0;0;1;0;0;0;0;0.1;0;0;0;0;50.8;0;0.4;0;0;0;0;0;0;0;3.6;0;7;0;0;0;0;0;0;0;0;0;0;0;15.6;0;0;0;0;0;0;0;0;0;0;0;0;0;0;0
"32_Extensive";0;0;0;0;0;1;0.2;0;0;0;0;0;0;0;0.2;0;0;0;0;0;0;0;0;0;0;0;0;0;0;0;0;0;0;0;0;0.8;0;0;0;0;0;0;0;0;0;0;0;0;0;0;0;0;0;0.6;0;3;9;0;0;0;0;0;0;0;0;0;0;0;0;0;1;0;0;0;0;0;0;0;0;0;0.6;0;0.2;0;0;0;34;0;0;2;89.8;0;34;0;0;0;0;0;18;0;11;0;0;0;0;0;0.1;1.2;0.2;0.5;0.1;0;0;0;0;0;0;0;0;0
"33_Extensive";0;0;0;0;0;0;0.2;0;0;0;0;0;0;0;0;0;0;0;0;0;0;0;0;0;0;0;0;0;0.4;0;0;0;1;0;0;1;0;0;0;0;0;0;0;0;7;0;0;0;0;0;0;3;0;2.6;0;2;36;0;0;0;0;0;0;4;0;0;0;0;0;0;2;0;0;0;0;0;0;0;0;0;0.8;0;0;0;0;0;81;0;0;1;86;0;39;0;0;0;0;0;16;0;2;0;0;0;1.2;0;0;0;0;0;0;0;0;0;0;0;0;0;0;0
"34_Extensive";0;0;0;0;0;0;0;0;0;0;0;2;0;0;0.1;0;0;0;0;0;0;0;0;0;0;0;0;0;0.1;0;0;0;0;0;0;0.5;0;0;0;0;0;0;0;0;0;0;0;0;0;0;0;0;0;0;0;0;6;0;0;0;0;0;0;0;0;0;0;0;0;0;0;0;0;0;0;0;0;0.2;0;0;13.4;0;0.2;0.1;0;0;75;0;0;0;63.2;0;0;0;12;0;0;0;21;0;0;0;0;0;0.2;0;0.4;0.4;0;0;0;0;0;0;0;0;0;0;0;0
"35_Extensive";0;0;0;0;0;0;0;1;0;0;0;0;0;0;2.2;0;0;0;0;0;0.1;0;0;0;0;0;0;0;0;0;0;0;1;0;0;0.9;0;0;0;0;0;0;36;7;8;11;0;0;0;0;0;0;0.2;0;0;2;4;0;0;0;0;0;0;2;0;0;0;0;0;0;0;0;0;0;0;0;0;0;0;0;34;0;0.2;0;0;0;44;0;0;0;203;0;38;0;3;0;0;0;13;0;0;0;0;0;0;0;0;0.3;1.8;0.2;0.3;0.2;0;0;0;0;0;0;0;0
"36_Extensive";0;0;0;0;0;0;0;1;0;0;0;0;0;0;0;0;0;0;0;7;0;0;0;0;0;0;0;0;0;0;0;0;0;0;0;0.5;0;0;0;0;0;0;40;0;0;0;0;0;0;0;0;0;0;0;0;3;11;0;0;0;0;0;0;21;0;0;0;0;0;0;2;0;0;0;1;0;0;0;0;2;1;0;0;0;0;0;118;0;0;0;1;0;0;0;0;0;0;0;0;0;13;0;0;0;0;0;0;0;0;0;0;0;0;0;0;0;0;0;0;0
"37_Extensive";0;0;0;0;0;0;0;0;0;0;0;0;0;0;0.1;0;0;0;0;0;0;0;0;0;0;1;0;0;0.1;0;0;0;0;0;0;1.2;0;0;0;0;0;0;0;0;0;0;0;0;0;0;0;0;0;1.8;0;0;101;0;0;0;0;0;0;0;0;0;0;0;0;0;4;0;0;0;0;0;0;0;0;0;0.2;0;0;0;0;0;122;0;1.2;0;2;0;56;0;4;0;0;0;8;0;5;0;0;0;1.2;0;0;0;0;0;0;0;0;0;0;0;0;0;0;0
"38_Extensive";0;0;0;0;0;2;0.2;0;0;0;0;0;0;2;0.1;0;0;0;0;0;0;0;0;0.1;0;0;0;0;0.1;0;0;0;0;0;0;0.3;0;0;0;0;0;0;0;0;0;0;0;0;0;0;0;0;0;1;0;39;15;0;0;0;0;0;0;0;0;0;0;0;0;0;1;0;0;0;0;0;0;0;0;0;0;0;0;0;0;0;24;0;0;3;8.6;0;5;4;4;0;0;0;1;0;0;0;0;0;6.4;0;0.1;0.4;2.8;0.6;0.2;0.1;0.4;0;0;0;0;0;0;0
"39_Extensive";0;0;0;0;0;0;0;0;0;0;0;0;0;0;0.7;0;0;0;0;0;0;0;0;0;0;0;0;0;0;0;0;0;0;0;0;0.7;0;0;0;0;0;0;0;0;0;0;0;0;0;0;0;0;1.3;1.2;0;0;0;0;0;0;0;0;0;0;0;0;0;0;0;0;0;0;0;0;0;0;0;0;0;0;0.2;0;0;0;0;0;0;0;0;0;197.4;0;0;0;0;0;0;0;0;0;0;0;0;0;6.2;0;0;0.1;0.6;0.1;0;0;0;0;0;0;0;0;0;0
"40_Extensive";0;0;0;0;0;1;0.2;1;0;0;0;0;0;6;0.2;0;0;0;0;0;0.1;0;0;0;0;0;0;0;0.3;0;0;0;0;0;0;0.6;0;0;0;0;0;0;0;6;3;2;0;0;0;0;0;0;0;1.4;0;11;17;1;0;0;0;0;0;0;0;0;0;0;0;0;0;0;0;0;0;0;0;0;0;1;0;0;0.1;0;0;0;18;0.8;0;0;12.8;0.2;21;0;3;0.1;0;0;63;0;0;0;0;0;11.4;0;0;0.5;4.8;0;0;0.2;0.1;0;0;0;0;0;0;0
"41_Extensive";0;0;0;0;2;0;0;0;0;0;0;2;0;1;0.8;0;0;0;0;0;0;0;0;0.1;0;0;2;0;0;0;0;0;0;0;0;0.2;0;0;0;0;0;0;8;0;0;3;0;0;0;0;0.2;0;0.4;10.6;0;1;10;0;1;0;0;0;1;3;0;0;0;0;0;0;1;0;0;0;0;0;0;0;0;0;0.2;0;0;0;0;0;4;0.6;0;4;11.2;0.8;12;2;0;0;0;0;13;0;0;0;0;0;0;0;0;0.2;0;0;0;0;0;0;0;0;0;0;0;0
"42_Extensive";0.3;0;0;0;4;0;0;0;0;0;0;0;0;0;1.3;0;0;0;0;0;0;0.1;0;0;0;0;0;0;0;0;0;0;0;0;0;0.1;0;0;0;0;0;0;2;0;2;0;1.9;0;0;0;0.4;0;0.1;3.2;0;0;0;0;0;0;0;0;0;0;0;0;0;0;0;0;1;0;0;0;0;0;0;0;0;0;1.8;0;0;0.1;0;0;0;17;0;0;2;0;2;6;0;0;0;0;8;0;0;0;0;0;2.6;0;0;0;0;0;0;0;0;0;0;0;0;0;0;0
"43_Extensive";0;0;0;0;0;0;0;1;0;0;0;0;0;0;0;0;0;279.6;0;0;0;0;0;0;0;0;0;0;0.2;0;0;0;0;0;0;0.7;0;0;0;0;0;0;0;0;0;0;0;0;0;0;0;0;0;0;0;0;0;0;0;0;0;0;0;0;0;0;0;0;0;0;0;0;0;0;0;0;0;0;0;0;0;0;0;0;0;0;37;0;0;0;0;0;33;0;0;0;0.2;0;35;0;0;0;0;0;0;0;0;0;0.2;0.1;0.1;0;0;0;0;0;0;0;0;0
"44_Extensive";0;0;0;0;;;0;;;;;;;;0.7;0;0;0;0;0;0;0.1;0;0;0;0;0;0;0;0;0;0;;;;0;0;0;0.2;0;0;0;0;15;0;0;0;0;0;0;0;0;0.5;1.4;6;0;0;0;0;0;0;0;0;0;0;0;0;;;;;0;0;0;0;0.1;0;0;;;17.4;0;0.2;0;0;0;18;4.4;0;2;8.4;0;3;5;0;0.1;0;0;2;0;0;0;0;0;0.4;0;0;0;0.2;0;0;0;0;0;0.1;0;0;0;0;0
"45_Extensive";0;0;0;0;2;2;0;1;2;0;0;2;1;1;3.2;0;0;0;0;0;0;0;0.3;0.1;0.1;0;0;0;0;0;0;0;0;0;0;0.4;2;0;0;0;0;0;30;0;0;0;0.1;0;0;0;0.3;0;0.3;2.2;0;0;9;0;0;0;0;0;0;0;0;0;0;0;0;0;0;0;0;0;0;0.2;0;0;0;0;0.2;0;0.3;0;0;0;9;0.4;0;0;0;0;17;0;4;0;0;0;20;0;0;0.1;0;0;2.2;0;0.5;0.3;0.4;0;0;0;0;0;0;0;0;0;0;0
"46_Extensive";0;0;0;0;0;0;0;0;0;0;0;0;0;0;0;0;0;0;0;0;0;0;0;0;0;0;0;0;0.4;0;0;0;1;0;0;0.7;0;1;0;0;0;0;24;0;0;0;0;0;0;0;0;8;0.1;4.8;0;0;13;0;0;0;0;0;0;0;0;0;0;0;0;0;0;0;0;0;0;0;0;0;0;0;0.2;0;0;0;0;0;46;0;0;0;0.2;0;51;0;0;0;0;0;23;2;0;0;0;0;6.4;0;0;0;0.1;0;0;0;0;0;0;0;0;0;0;0
"47_Extensive";0;0;0;0;0;0;0.2;0;0;0;0;0;0;0;0.5;0;0;0;0;0;0;0;0;0;0;0;0;0;0.2;0;0;0;0;0;0;0.3;0;0;0;0;0;0;1;10;0;0;0;0;0;0;0;0;0;0.4;0;2;4;2;0;0;0;0;0;0;0;0;0;0;0;0;1;0;0;1;0;0;0;0;0;0;0;0;0;0;0;0;27;0;0;0;0.8;0;23;0;18;0;0;0;28;0;0;0;0;0;34.6;0;0;0.4;0.2;0;0.2;0.1;0.1;0;0;0;0;0;0;0
"48_Extensive";0;0;0;0;0;0;0;1;0;0;0;1;0;2;1.6;0;0;0;0;0;0;0;0;0;0;0;0;0;0;0;0;0;0;0;0;0.5;0;0;0;0;0;0;3;2;0;2;0;0;0;0;0;0;0.1;1.2;0;0;7;0;0;0;0;0;0;0;0;0;0;0;0;0;0;0;0;0;0;0;0;0;0;2;0;0;0.1;0;0;0;4;0;0;0;10.6;0;55;0;5;0;0;0;1;2;0;0;0;0;0.2;0;0;0.4;0.3;0.1;0.7;0;0.2;0;0.1;0;0;0;0;0
"49_Extensive";0;0;0.4;0;0;0;0;0;0;0;0;0;0;2;0.3;0;0;0;0;0;0;0;0;0;0;0;0;0;0;0;0;0;0;0;0;0.4;0;0;0;0;0;0;30;0;0;0;0;0;0;0;0;0;0.2;2.6;0;25;18;0;0;0;0;0;0;0;0;0;0;0;0;0;2;0;0;0;0;0;0;0;0;0;0.2;0;0;0;0;0;5;11.2;0;0;0;0;9;0;0;0;0;0;71;0;0;0;0;0;0.2;0;0.1;0.1;0;0;0;0;0;0;0;0;0;0;0;0
"50_Extensive";0;0;0;0;0;0;0.2;0;0;0;0;0;0;0;0.9;0;0;0;0;0;0;0;0;0;0;0;0;0;0.1;0;0;0;0;0;0;0.5;0;0;0;0;0;0;61;0;0;0;0;0;0;0;0.1;0;0;0.4;0;0;12;0;0;0;0;0;0;0;0;0;0;0;0;0;3;0;0;0;1;0;0;0;0;0;6.4;0;0;0;0;0;55;0.4;0;0;5.4;0;32;0;5;0.1;0;0;50;0;0;0;0;0;2.2;0;0.1;0;0;0;0;0;0;0;0;0;0;0;0;0
"51_Extensive";0;0;0;0;0;0;0.2;1;0;0;0;0;0;0;0.1;0;0;0;0;0;0;0;0;0;0.1;0;0;0;0;0;0;0;0;0;0;0.6;0;0;0;0;0;0;21;6;0;0;0;0;0;0;0;2;0.2;0;0;0;0;0;0;0;0;0;0;0;0;0;0;0;0;0;1;0;0;0;0;0;0;0;0;0;0.6;0;0;0;0;0;3;0;0;0;0.6;0;1;0;2;0;0;0;7;0;0;0;0;0;11.4;0;0;0;0;0;0.1;0;0;0;0;0;0;0;0;0
"52_Extensive";0;0;0;0;0;1;0;0;2;0;0;1;0;1;0.6;0;0;0;0;0;0.1;0;0;0;0;0;0;0;0;0;0;0;0;0;0;1.2;0;0;0;0;0;0;0;0;0;1;0;0;0;0;0;0;0;0.2;0;9;3;0;0;0;0;0;0;0;0;0;0;0;0;0;2;0;0;0;0;0;0;0;0;0;0.2;0;0;0;0;0;5;0;0;0;7;0;6;0;0;0;0;0;19;0;0;0;0;0;1.4;0.2;0;0;0;0;0;0;0;0;0;0;0;0;0;0
"53_Extensive";0;0;0;0;0;0;0;1;0;1;0;2;0;3;0;0;0;0;0;0;0;0;0;0;0;0;0;0;0;0;0;0;0;0;0;0.9;0;0;0;0;0;0;0;10;0;0;0;0;0;0;0;0;0;0.6;0;8;0;0;0;0;0;0;0;0;0;0;0;0;0;0;2;0;0;0;0;0;0;0;0;0;0.2;0;0;0;0;0;12;0;0;3;0.8;0;30;0;6;0;0;0;4;0;0;0;0;0;6.4;0;0;0;0;0.1;0;0;0;0;0;0;0;0;0;0
"54_Extensive";0;0;0;0;12;0;0.2;4;0;0;0;0;0;0;0.3;0;0;0;0;0;0;0;0;0;0;0;0;0;3.3;0;0;0;0;0;0;0.4;0;0;0;0;0;0;14;17;0;1;0;0;0;0;0;7;0;0;0;0;9;1;0;0;0;0;0;4;0;0;0;0;0;0;0;0;0;0;0;0;0;0;0;0;0;0;0;0;0;0;180;0.8;0;1;0.4;0;7;0;9;0;0;0;24;0;2;0;0;0;0.4;0;0;2.4;0.3;0.1;0.1;0.2;0.2;0;0;0;0;0;0;0
"55_Extensive";0;0;0;0;0;0;0;1;0;0;0;0;0;0;0.3;0;0;0;0;0;0;0;0;0;0.1;0;0;0;0;0;0;0;0;0;0;0.3;0;0;0;0;0;0;52;2;0;0;0.4;0;0.2;0;0.3;0;0;3.2;0;0;10;0;0;0;0;0;0;2;0;0;0;0;0;0;2;0;0;6;1;0;0;0;0;0;0;0;0.1;0;0;0;11;2.6;0;0;0.4;0.4;3;0;8;0.2;0;0;2;0;0;0;0;0;0.6;0;0;1.7;1.7;0;0;0;0.1;0;0;0;0;0;0;0
"56_Extensive";0;0;0;0;1;0;0;0;1;0;0;1;0;0;0.1;0;0;0;0;10;0;0;0;0;0;0;0;0;0;0;55;0;0;0;0;0.8;0;0;0;0;0;0;0;2;0;0;0;0;0;0;0.3;0;0.3;0;0;0;2;0;0;0;0;0;2;2;0;0;0;0;0;0;1;0;0;2;0;0;0;0;0;0;0.2;0;0;0;0;0;2;0.2;0;4;2.2;0.4;44;8;7;0;0;0;0;0;0;0;0;0;7.2;0;0.1;3.1;3.1;0.1;0;0;0;0;0;0;0;0;0;0
"57_Extensive";0;0;0;0;0;0;0;0;0;0;0;0;0;1;0.1;0;0;0;0;0;0;0;0;0;0;0;1;0;0;0;0;0;0;0;0;1;0;0;0;0;0;0;107;1;0;0;0;0;0;0;0;0;0;2.6;0;2;6;0;0;0;0;0;0;0;2;0;0;0;0;0;0;0;0;1;0;0;0;0;0;0;0.2;0;0;0;0;0;58;7.2;0;2;10.6;0.4;6;0;0;0;0;0;4;0;3;0;0;0;30.6;0;0.1;0.1;0.4;0.1;0;0;0;0;0;0;0;0;0;0
"58_Extensive";0;0;0;0.1;1;0;0;0;0;0;0;0;0;1;0.2;0;0;0;0;0;0;0;0;0;0;0;0;0;0;0;0;0;0;0;0;0.6;0;0;0;0;0;0;2;0;0;0;0;0;0;0;0.1;0;0;0;0;0;11;0;0;0;0;0;0;4;0;0;0;0;0;0;0;0;0;0;1;0;0;0;0;0;0.2;0;0;0;0;0;84;0;0;0;7;0;13;0;0;0;0;0;42;0;0;0;0;0;20.6;0;0;0;0;0.2;0;0;0;0;0;0;0;0;0;0
"59_Extensive";0;0;0;0;0;0;0;0;0;0;0;0;0;0;0.5;0;0;0.2;0;0;0;0;0;0;0;0;0;0;0;0;3;0;0;0;0;0.4;0;0;0;0;0;0;0;5;0;0;0;0;0;0;0;0;0;0;0;3;4;0;0;0;0;0;1;0;0;0;0;0;0;0;3;0;0;0;2;0;0;0;0;0;0.2;0;0;0;0;0;29;0;0;0;43.2;0;5;3;6;0;0;0;1;0;0;0;0;0;7.2;0;0.1;0.4;0.2;0;0;0;0;0;0;0;0;0;0;0
"60_Extensive";0;0;0;0;0;0;0;0;0;0;0;0;0;3;0.8;0;0;0;0;1;0;0;0;0;0;0;0;0;0;0;0;0;0;0;0;1.3;0;0;0;0;0;0;9;13;3;1;0;0;0;0;0;0;0;0;0;38;1;0;0;0;0;0;0;13;9;0;0;0;0;0;0;0;0;0;4;0;0;0;0;0;0;0;0;0;0;0;19;0;0;0;25.6;0;9;0;0;0;0;0;2;0;0;0;0;0;31.2;0;0;0.1;0.6;0;0;0;0;0;0;0;0;0;0;0
"61_Extensive";0;0;0;0;2;0;0;9;0;1;0;1;1;1;0.4;0;0;0;0;0;0;0;0;0;0;0;0;0;0;0;0;0;0;0;0;1.9;0;0;0;0;0;0;1;15;0;0;0;0;0;0;0;0;0.2;0;0;16;1;1;0;0;0;0;0;0;0;0;0;0;0;0;1;0;0;0;0;0;0;0;0;0;0.2;0;0;0;0;0;25;0;0;0;4.4;0;14;0;3;0;0;0;2;1;0;0;0;0;0;0;0;0;0.1;0.1;0;0;0;0;0;0;0;0;0;0
"62_Extensive";0;0.1;0;0;1;0;0;5;0;0;0;0;0;1;0.3;0;0;0;0;0;0;0;0;0;0;0;0;0;0;0;0;0;0;0;0;0;0;0;0;0;0;0;0;0;0;0;0;0;0;0;0;0;0;0;0;0;0;4;0;0;0;0;0;0;0;0;0;0;0;0;2;0;0;0;0;0;0;0;0;0;3;0;0;0;0;0;3;0;0;0;70;0;0;0;4;0;0;0;9;0;0;0;0;0;154.2;0;0.1;0.1;0.4;0;0;0;0;0;0;0;0;0;0;0
"63_Extensive";0;0;0;0;1;0;0;3;0;0;0;0;0;3;0.2;0.6;0;0;0;0;0;0;0;0;0;0;0;0;0;0;0;0;0;0;0;0.6;0;0;0;0;0;0;2;22;0;0;0;0;0;0;0;0;0;0;0;0;5;22;0;1;0;0;0;0;0;0;0;0;0;0;1;0;0;0;0;0;0;0;0;1;6;0;0;0;0;0;14;0;0;0;7;2.2;50;0;34;0;0;0;11;0;0;0;0;0;1;0;0;0;0;0.1;0.3;0;0;0;0;0;0;0;0;0
"64_Extensive";0;0;0;0;0;0;0;0;1;0;0;2;0;1;0.6;1.2;0;0;0;0;0;0;0.2;0.1;0.1;0;20;0;1;0;0;0;0;0;0;0.2;0;0;0.2;0;0;0;0;0;0;7;0;0;0;0;0;0;1.1;0;0;8;0;0;0;0;0;0;2;0;4;0;0;0;2;0;0;0;0;0;0;0;0;0;0;0;0;0;0.1;0;0;0;16;49.6;0;1;64.4;0;5;0;0;0.1;0;0;0;0;0;0;0;0;6;0;0.4;0.1;1.6;0.1;0.1;0;0.1;0;0;0;0;0;0;0
"65_Extensive";0;0;0;0;0;0;0;0;0;0;0;0;0;2;0.1;0;0;0;0;4;0;0;0;0;0;0;0;0;0;0;0;0;0;0;0;1.1;0;0;0;0;0;0;0;2;0;0;0;0;0;0;0.1;0;0.1;1.2;0;39;75;0;0;0;0;0;0;0;0;0;0;0;0;0;2;0;0;0;0;0;0;0;0;0;0;0;0;0;0;0;44;0.2;0;0;4.4;0.8;32;3;27;0;0;0;13;0;0;0;0;0;30.2;0;0;0;0.1;0;0.1;0;0.1;0;0;0;0;0;0;0
"66_Extensive";0;0;0;0;5;0;0;5;0;0;0;0;0;2;0.2;0;0;0;0;0;0;0;0;0;0;0;0;0;0;0;0;0;0;0;0;0.8;0;0;0;0;0;0;0;0;1;0;0;0;0;0;0;0;0.1;0;0;18;5;0;0;0;0;0;0;1;0;0;0;0;0;0;0;0;0;0;0;0;0;0;0;0;0;0;0.1;0;0;0;24;0;0;1;151.8;0;7;0;0;0;0;0;4;0;0;0;0;0;0;0;0.3;1.8;2.2;0.4;0;0;0.1;0;0;0;0;0;0;0
"67_Extensive";0;0;0;0;0;0;0;1;0;0;1;0;0;1;1.1;0;0;0;0;0;0;0;0;0;0.1;0;0;1;0;0;0;0;0;0;0;0.4;0;0;0.1;0;2;0;3;0;0;0;0;0;0;0;0;0;0;0.4;0;0;6;0;0;0;0;0;0;0;0;0;0.1;0;0;0;1;0;0;0;0;0;0;0;0;0;0;0;0.1;0;0;0.1;0;0;0;0;69.8;0;0;7;0;0.1;0;0;2;0;1;0;0;0;1.6;0;0.1;0.4;0.2;0.6;0.1;0;0;0;0;0;0;0;0;0
"68_Extensive";0;0;0;0;0;2;0;1;1;1;0;0;0;1;0.4;0;0;0;0.1;70;0.3;0;0;0;0;0;0;0;0;0;0;0;0;0;0;0;0;0;0.1;0;0;0;9;3;0;0;0;0;0;0;0;0;0;0;0;0;4;2;0;0;0;0;0;0;0;0;0;0;0;0;1;0;0;0;0;0;0;0;0;2;1.8;0;0;0;0;0;0;0.6;0;0;17.8;0.4;42;2;3;0;0;0;0;0;0;0;0;0;14.4;0;0;0;0;0.4;0;0;0.2;0;0;0.1;0;0;0;0
"69_Extensive";0;0;0;0;0;0;0;0;0;0;0;0;0;0;0.1;0;0;0;0;0;0;0;0;0;0;0;0;0;0;0;0;0;0;0;0;0.9;0;0;0;0;0;0;0;0;0;3;0;0;0;0;0;0;0;0.2;0;21;3;0;0;0;0;0;0;44;0;0;0;0;0;0;1;0;0;0;1;0;0;0;0;0;1.2;0;0;0;0;0;33;0;0;1;83.6;0.2;0;19;0;0;0;0;18;0;0;0;0;0;20.2;0;0;0;0;0;0;0;0;0;0;0;0;0;0;0
"70_Extensive";0;0;0;0;0;1;0;0;0;0;0;0;0;0;1.2;0;0;0;0;0;0;0;0;0;0;0;0;0;0;0;2;0;0;0;0;1;0;0;0;0;0;0;0;0;0;0;0;0;0;0;0;0;0;0.2;0;0;2;0;0;0;0;0;0;5;0;0;0;0;0;0;1;0;0;0;0;0;0;0;0;0;5.6;0;0;0;0;0;7;0.2;0;1;24;0;27;0;2;0;0;0;5;0;0;0;0;0;14;0;0;0;0.2;0;0;0;0;0;0;0;0;0;0;0
"71_Extensive";0;0;0;0;0;0;0;1;0;0;0;0;0;0;0.1;0;0;0;0;0;0;0;0;0;0;0;0;0;0.3;0;0;0;0;0;0;2.8;0;0;0;0;0;0;0;0;0;0;0;0;0;0;0;0;0;0;0;0;0;0;0;0;0;0;0;0;0;0;0;0;0;0;0;0;0;0;0;0;0;0;0;0;0;0;0;0;0;0;17;0;0;0;0.2;0;0;0;2;0.1;0;0;7;0;0;0;0;0;79.6;0;0.1;0;0.3;0;0;0;0;0;0;0;0;0;0;0
"72_Extensive";0;0;0;0;0;0;0.2;0;0;0;0;0;0;0;0.3;0;0;0;0;0;0;0;0;0;0;0;0;0;0;0;0;0;0;0;0;0.3;0;0;0;1;0;0;0;0;0;0;0;0;0;0;0;0;0;0.2;0;23;0;0;0;0;0;0;0;0;0;0;0;0;0;0;3;0;0;4;4;0;0;0;0;0;0.2;0;0;0;0;0;2;0;0;0;31.6;0;1;8;1;0;0;0;0;0;1;0;0;0;1.2;0;0.1;0;0;0;0;0;0;0;0;0;0;0;0;0
"73_Extensive";0;0;0;0;0;0;0;0;0;0;0;0;0;0;0.4;0;0;0;0;1;0;0;0;0.3;0.1;0;0;0;0;0;2;0;0;0;0;0.2;0;0;0.1;0;0;0;51;0;0;0;0;0;0;0;0;0;0.2;0.4;0;0;6;0;0;0;0;0;0;0;0;0;0;0;0;0;0;0;0;0;0;0;0;0;0;1;58.4;0;0;0;0;0;10;49.4;0;5;14.2;0;4;17;0;0;0;417;1;0;0;0;0;0;19.6;0;0;0;0;0;0;0;0;0;0;0;0;0;0;0
"74_Extensive";0;0;0;0;0;1;0;0;0;0;0;0;0;0;0.5;0.2;0;0;0;0;0;0;0;0.1;0;0;0;0;0;0;0;0;0;0;0;0.6;0;0;0;0;0;0;0;0;0;0;0;0;0;0;0;0;0;0.2;0;7;1;0;0;0;0;0;0;0;89;0;0;0;0;0;0;0;0;1;0;0;0;0;0;0;0.4;0;0;0;0;0;38;1.6;0.2;1;18;0;6;20;0;0;0;0;10;0;0;0;0;0;0;0;0;0;0;0.1;0.2;0;0;0;0;0;0;0;0;0
"75_Extensive";0;0;0;0;0;0;0;1;0;0;0;0;0;0;0.7;0;0;0;0;0;0;0;0;0;0;0;0;0;0;0;0;0;0;0;0;0;7;0;0;0;0;0;0;5;0;0;0;0;0;0;0.2;0;0.4;3.4;0;2;6;0;0;0;0;0;0;0;0;0;0;0;0;0;3;0;0;0;0;0.1;0;0;0;0;0.2;0;0;0;0;0;49;0.2;0;1;0;0;39;0;0;0.4;0;0;29;0;0;0;0;0;7.4;0;0;1.1;0.2;0;0;0;0;0;0;0;0;0.1;0;0
"76_Extensive";0;0;0;0;0;0;0.2;1;0;0;0;0;0;0;0;0;0;0;0;0;0;0;0;0;0;0;0;0;0.8;0;0;0;0;0;0;0.7;3;0;0;0;0;0;0;12;0;0;0;0;0;0;0;0;0;0.8;0;1;0;2;0;0;0;0;0;0;0;0;0;0;0;0;1;0;0;0;0;0;0;0;0;0;1.8;0;0;0;0;0;134;1.2;0;1;8.2;0;7;8;1;0;0;0;86;0;0;0;0;0;22;0;0;0.4;0.6;0;0.2;0.1;0;0;0;0;0;0;0;0
"77_Extensive";0;0;0;0;4;0;0;0;0;1;0;0;0;0;0.2;0;0;0.4;0;0;0;0;0;0;0;0;1;0;0;0;0;0;0;0;0;0.4;0;0;0;0;0;0;0;16;0;3;0;0;0;0;0.1;0;0;3.2;0;23;12;0;0;0;0;0;0;0;2;0;0;0;0;0;0;0;0;0;0;0;0;0;0;1;0.2;0;0;0;0;0;144;0.8;0;0;2.4;0;71;0;1;0;0;0;141;0;0;0;0;0;25.2;0;0;0;0.2;0;0;0;0;0;0;0;0;0;0;0
"78_Extensive";0;0;0;0;0;0;0;0;1;0;0;0;0;0;0.4;0;0;0;0;2;0;0;0;0;0;0;63;0;0;0;0;0;0;0;0;0.9;6;0;0;0;0;0;0;0;0;0;0;0;0;0;0;1;0.2;0;0;58;1;0;0;0;0;0;0;10;0;0;0;0;0;0;3;0;0;0;0;0;0;0;0;2;0;0;0;0;0;0;45;0;0;0;21.4;0.8;12;0;18;0;0;0;0;0;0;0;0;0;1.2;0;0.2;0.1;5.6;0.4;0.1;0;0;0;0;0;0;0;0;0
"79_Extensive";0;0;0;0;0;0;0;0;0;0;0;0;0;0;0;0;2.8;0;0;0;0;0;0;0;0;0;0;0;0.5;0;0;0.4;0;0;0;0.5;0;0;0;0;0;0;2;1;0;0;0;0;0;0;0;0;0;0;1;41;1;0;0;0;0;0;0;0;0;0;0;0;0;0;0;0;0;0;24;0;0;0;0;0;0;0;0;0;0;0;70;0;0;0;138;0;23;4;15;0;0.1;4;25;0;5;0;0;0;7.6;0;0;0;0;0.6;0.3;0.2;0.1;0;0;0;0;0;0;0
"80_Extensive";0;0;0;0;0;0;0;0;0;0;0;1;0;0;1.9;0;0;0;0;0;0;0;0.1;0;0;0;0;0;0;0;0;0;0;0;0;0.5;0;0;0;0;0;0;8;33;0;2;0;0;0;0;0.1;0;0.3;6;0;4;0;4;0;0;0;0.1;0;1;0;0;0;0;0;0;1;0;0;0;0;0;0;0;0;0;10.2;0;0.5;0;0;0;5;0.8;0;0;170.2;0;23;0;6;0;0;0;28;0;1;0;0;0;1;0;0;0.1;0;0;0;0;0.1;0;0;0;0;0;0;0
"81_Extensive";0;0;0;0;0;0;0.4;0;1;0;0;0;0;2;0.1;0;0;0;0;0;0;0;0;0;0;0;0;0;0;0;0;0;0;0;0;0.1;0;0;0;0;0;0;0;3;0;0;0;0;0;0;0;0;0.1;2.6;0;3;4;0;0;0;0;0;0;0;9;0;0;0;0;0;1;0;1;0;0;0;0;0;0;0;6.2;0;0;0;0;0;6;4;0;10;2.6;0;5;16;0;0;0;0;28;0;0;0;0;0;17;0;0;0;0.1;0;0.1;0;0;0;0;0;0;0;0;0
"82_Extensive";0;0;0;0;0;0;0.2;0;0;0;0;0;0;0;0.6;0;0;0;0;0;0;0;0;0;0;0;7;0;0;0;0;0;0;0;0;1.4;0;0;0;0;0;0;0;0;0;0;0;0;0;0;0;0;0;0;0;0;3;0;0;0;0;0;0;0;0;0;0;0;0;0;0;0;0;1;0;0;0;0;0;0;0.2;0;0;0;0;0;29;0.2;0;6;6.8;0;0;36;7;0.1;0;0;15;0;0;0;0;0;42.4;0;0;0;0;0.1;0;0.2;0;0;0;0;0;0;0;0
"83_Extensive";0;0;0;0;0;0;0;0;0;0;0;0;0;0;0.2;0;0;0;0;0;0;0;0;0;0.1;0;0;0;0;0;0;0;0;0;0;0.8;0;0;0;0;0;0;0;0;0;0;0;0;0;0;0;2;0.1;0;0;87;2;0;0;0;0;0;0;73;0;0;0;0;0;0;1;0;0;8;1;0;0;0;0;0;1;0;0;0;0;0;12;5;0;11;1.4;0;6;24;1;0;0;0;16;0;20;0;0;0;0.4;0;0;0;0;0.2;0;0;0;0;0;0;0;0;0;0
"84_Extensive";0;0;0;0;0;0;0.2;0;0;0;0;3;1;0;0.3;0;0;0;0;2;0.1;0;0;0;0;0;0;0;0;0;0;0;0;0;0;0.2;0;0;0;0;0;0;0;11;25;1;0;0;0;0;0;0;0.4;0.2;0;4;0;0;0;0;0;0;0;0;0;0;0;0;0;0;0;0;0;0;0;0;0;0.1;0;0;0.4;0;0;0;0;0;2;0.2;0;0;29.4;0.8;0;3;0;0.1;0;0;0;0;0;0;0;0;0.4;0;0.3;6.8;3.3;0.2;0;0;0;0;0;0;0;0;0;0
"85_Extensive";0;0;0;0;2;2;0;0;0;0;0;4;0;0;0.5;0;0;0;0;0;0;0;0;0;0;0;0;0;0;0;0;0;0;0;0;1.2;0;0;0;0;0;0;0;0;0;0;0;0;0;0;0;0;0;1.6;0;0;0;0;0;0;0;0;0;0;0;0;0;0;0;0;1;0;0;0;0;0;0;0;0;0;0;0;0;0;0;0;0;0;0;0;0.6;0.2;0;0;0;0;0;0;0;0;0;0;0;0;4.8;0;0.3;0.3;2.5;0;0;0;0;0;0;0;0;0;0;0
"1_Intensive";0;0;0;0;10;0;0.2;5;0;0;0;0;0;1;0.2;0;0;0;0;24;0.1;0;0;0;0;0;0;0;0;0;0;0;0;0;0;0.2;0;0;0;0;0;0;0;0;0;0;0;0;0;0;0;1;0;0.6;0;0;0;0;0;0;0;0;0;0;0;0;0;0;0;0;2;0;0;0;0;0;0;0;0;0;0.2;0;0;0;0;0;4;0.4;0;0;0.2;0;2;0;0;0;0;0;1;0;0;0;0;0;1.6;0;0;0;0;0;0;0;0;0;0;0;0;0;0;0
"2_Intensive";0;0;0;0;8;0;0;0;0;0;0;0;0;0;0;0;0;0;0;2;0;0.2;0;0;0;0;0;0;0;0;0;0;0;0;0;0;0;0;0;0;0;0;5;0;0;0;0;0;0;0;0;0;0;2.6;0;28;5;0;0;0;0;0;0;0;0;0;0;0;0;0;1;0;0;0;0;0;0;0;0;0;0;0;0;0;0;0;0;0.2;0;0;6.8;0.2;6;0;3;0;0;0;1;0;0;0;0;0;1.2;0;0.1;0;0.1;0;0;0;0;0;0;0;0;0;0;0
"3_Intensive";0;0;0;0;2;0;0.2;0;0;0;0;0;0;0;0.2;0;0;0;0;63;0;0;0;0;0;0;0;0;0;0;0;0;0;0;0;0;0;0;0;0;0;0;0;0;0;0;0;0;0;0;0;3;0;0.2;0;0;0;0;0;0;0;0;0;0;0;0;0;0;0;0;0;0;0;0;0;0;0;0;0;0;0;0;0;0;0;0;18;0.2;0;0;13.6;1;3;0;0;0;0;0;30;0;0;0;0;0;0.4;0;0;0;0;0;0.1;0;0;0;0;0;0;0;0;0
"4_Intensive";0;0;0;0;0;0;0;0;2;0;0;0;0;1;0.1;0.4;0;0;0;5;0;0;0;0;0;0;0;0;0;0;0;0;0;0;1;0.8;0;0;0;0;0;0;15;0;0;0;0;0;0;0;0;2;0;0.6;0;0;0;2;0;0;0;0;0;0;0;0;0;0;0;0;0;0;0;0;0;0;0;0;0;0;0;0;0;0;0;0;9;0.2;0;0;0.6;0;10;2;1;0;0;0;0;0;0;0;0;0;0;0;0;0;0;0;0;0;0;0;0;0;0;0;0;0
"5_Intensive";0;0;0;0;5;0;0;0;1;1;0;0;0;0;0.4;0.2;0;0;0;20;0;0;0;0;0;0;0;0;0;0;0;0;0;0;0;0.2;0;0;0;0;0;0;0;0;0;0;0;0;0;0;0;0;0;0.6;0;5;0;0;0;0;0;0;0;0;0;0;0;0;0;0;0;0;0;0;0;0;0;0;0;0;1;0;0;0;0;0;0;0.4;0;0;90.2;0;4;0;0;0;0;0;0;0;0;0;0;0;1;0;0;0;0;0;0;0;0;0;0;0;0;0;0;0
"6_Intensive";0;0;0;0;0;0;0;0;2;0;0;1;0;0;0.8;0;0;0;0;0;0;0;0;0;0;0;0;0;0;0;0;0;0;0;0;0.2;0;0;0;0;0;0;0;0;0;0;0;0;0;0;0;0;0;0.4;0;0;0;0;0;0;0;0;0;0;0;0;0;0;0;0;0;0;0;0;0;0;0;0;0;0;0;0;0;0;0;0;0;0;0;0;6;0;0;0;0;0;0;0;0;0;0;0;0;0;1.2;0;0;0;0.1;0;0;0;0;0;0;0;0;0;0;0
"7_Intensive";0;0;0;0;4;0;0;0;0;0;0;0;0;0;0.7;0;0;0;0;6;0;0.2;0;0;0;0;0;0;0;0;8;0;0;0;0;0.1;0;0;0.2;0;0;0;1;1;0;0;0;0;0;0;0;0;0.5;1;0;0;1;0;0;0;0;0;0;0;0;0;0;0;0;0;0;0;0;0;0;0;0;0;0;0;0;0;0;0;0;0;7;0.4;0;0;0.2;0;9;0;12;0;0;0;2;0;0;0;0;0;1.6;0;0;0.1;0.1;0;0.1;0;0.1;0;0;0;0;0;0;0.1
"8_Intensive";0;0;0;0;12;0;0;5;0;0;0;2;0;0;2.6;0;0;0;0;0;0.1;0;0;0;0.1;0;0;0;0;0;1;0;0;0;0;2.8;0;0;0;0;0;0;6;0;0;0;0;0;0;0;0;1;0;0;0;0;4;0;0;0;0;0;0;0;0;0;0;0;0;0;0;0;0;0;0;0;0;0;0;1;1.4;0;0;0;0.1;0;2;0;0;4;238.6;0;6;1;0;0.1;0;0;4;0;0;0;0;0;0;0;0;0;0;0;0;0;0;0;0;0;0;0;0;0
"9_Intensive";0;0;0;0;0;0;0;6;0;0;0;1;0;1;0.6;0;0;0;0;0;0.1;0;0;0;0;0;0;0;0;0;8;0;0;0;0;0.6;0;0;0;0;0;0;0;2;0;4;0;0;0;0;0;0;0;0;0;0;0;0;0;0;0;0;0;0;0;0;0;0;0;0;1;0;0;0;0;0;0;0;0;2;0;0;0;0;0;0;0;0;0;0;225.2;0.2;7;0;0;0;0;0;3;0;0;0;0;0;0;0;0;0;0;0.1;0;0;0;0;0;0;0;0;0;0
"10_Intensive";0;0;0;0;0;0;2.2;1;0;0;0;0;0;0;0.8;0;0;0;0;0;0;0;0;0;0;0;0;0;0;0;0;0;0;0;0;0.8;0;0;0;0;0;0;0;0;0;0;0.1;0;0;0;0;0;0;0.6;0;12;0;0;0;0;0;0;0;1;0;0;0;0;0;0;2;0;0;0;0;0;0;0;0;0;0;0;0.1;0;0;0;7;0;0;0;35.6;0.6;4;7;0;0;0;0;5;0;0;0;0;0;1;0;0;0;0.2;0;0;0;0;0;0;0;0;0;0;0
"11_Intensive";0;0;0;0;0;0;0;6;0;0;0;1;0;0;0.6;0.2;0;0;0;25;0;0;0;0;0;0;0;0;0;0;22;0;0;0;0;0.1;0;0;0;0;0;0;0;0;2;0;0;0;0;0;0;0;0;0;0;0;1;0;0;0;0;0;0;0;0;0;0;0;0;0;0;0;0;3;0;0;0;0;0;0;0;0;0;0;0;0;0;0;0;0;45.4;7.2;6;0;6;0;0;0;6;0;0;0;0;0;1;0;0;0;0;0.1;0;0.1;0;0;0;0;0;0;0;0
"12_Intensive";0;0;0;0;0;2;0.4;0;1;0;0;1;0;2;0;0;0;0;0;0;0;0;0;0;0;0;1;0;0.2;0;4;0;0;0;0;0.5;0;0;0;0;0;0;0;0;0;0;0;0.2;0;0;0;0;0;0;0;0;0;0;0;0;0;0;0;0;0;0;0;0;0;0;1;0;0;0;0;0;0;0;0;0;0;0;0;0;0;0;4;0.2;0;0;2.4;0.2;2;0;2;0;0;0;0;0;0;0;0;0;19;0;0;0;0;0;0.1;0.1;0;0;0;0;0;0;0;0
"13_Intensive";0;0;0;0;0;0;0.2;0;0;0;0;1;0;0;0;0;0;0;0;16;0;0;0;0;0;0;0;0;0;0;4;0;0;0;0;0.3;0;0;0;0;0;0;0;0;0;1;0;0;0.2;0;0;0;0;0.2;0;0;0;0;0;0;0;0;0;0;0;0;0;0;0;0;0;0;0;1;0;0;0;0;0;0;0;0;0;0;0;0;0;0.2;0;0;17.2;1;5;0;0;0.5;0;0;0;0;0;0;0;0;15.4;0;0;0;0;0;0.3;0;0.1;0;0;0;0;0;0;0
"14_Intensive";0;0;0;0;1;0;0;0;0;0;0;0;0;0;0.3;0;0;0;0;49;0;0;0;0;0;0;0;0;0;0;0;0;0;0;0;0.3;0;0;0;0;0;0;0;0;0;0;0.1;0;0;0;0;0;0.1;0;0;0;0;0;0;0;0;0;0;0;0;0;0;0;0;0;0;0;0;0;0;0;0;0;0;0;0;0;0;0;0;0;0;0.6;0;0;70.6;0;0;0;0;0;0;0;0;0;0;0;0;0;1;0;0;0;0;0;0;0.1;0;0;0;0;0;0;0;0
"15_Intensive";0;0;0;0;3;0;0.6;0;1;0;0;0;2;0;0.7;0.6;0;0;0;3;0;0;0;0;0;0;0;0;0;0;0;0;0;0;0;0.1;0;0;0;0;0;0;0;0;0;0;0;0;0;0;0.1;0;0.1;0;0;0;0;0;0;0;0;0;0;1;0;0;0;1;0;0;0;0;0;0;0;0;0;0;0;0;1.4;0;0;0;0;0;0;0;0;0;25;0;0;0;2;0;0;0;0;0;0;0;0;0;3.4;0;0.1;0;0.4;0;0.1;0;0.1;0;0;0;0;0;0;0
"16_Intensive";0;0;0;0;3;0;0;0;0;0;0;0;0;0;0.3;0;0;0;0;0;0;0;0;0;0;0;0;0;0;0;0;0;0;0;0;0.6;0;0;0;0;0;0;0;0;0;0;0;0;0;0;0;4;0.1;0;0;0;0;0;0;0;0;0;0;0;0;0;0;0;0;0;0;0;0;0;0;0;0;0;0;0;0.4;0;0;0;0;0;0;0.2;0;0;25.6;0.2;3;0;0;0;0;0;1;0;0;0;0;0;0;0;0;0;0;0.2;0;0.1;0;0;0;0;0;0;0;0
"17_Intensive";0;0;0;0;0;0;0;0;0;0;0;0;0;0;1.2;0;0;0;0;0;0.2;0;0.1;0;0;0;0;0;0;0;0;0;0;0;0;0.3;0;0;0;0;0;0;2;0;0;0;0;0;0;0;0;0;0;0;0;0;0;0;0;0;0;0;0;0;0;0;0;0;0;0;2;0;0;0;9;0;0;0;0;16;0;0;0;0;0;0;12;0;0;0;366;0;5;2;0;0;0;0;3;0;0;0;0;0;0;0;0;0;0.3;0.1;0;0.1;0.3;0;0;0;0;0;0;0
"18_Intensive";0;0;0;0;0;0;0;0;2;1;0;0;1;1;0.2;0;0;0;0;11;0;0;0;0;0;0;0;0;0;0;0;0;0;0;0;0.7;0;0;0;0;0;0;10;0;0;1;0;0;0;0;0;1;0;0;0;0;4;0;0;0;0;0;0;0;0;0;0;0;0;0;0;0;0;0;0;0;0;0;0;0;0;0;0.1;0;0;0;0;0;0;1;805;0;8;6;0;0;0;0;13;0;0;0;0;0;0;0;0;1;0.3;0;0;0;0;0;0;0;0;0;0;0
"19_Intensive";0;0;0;0;0;0;0;12;0;0;0;0;0;0;0.4;0;0;0;0;0;0;0;0;0;0;0;0;0;1.3;0;0;0;0;3;0;0.2;0;0;0;0;0;0;0;0;0;0;0;0;0;0;0;0;0.1;0.4;0;0;0;0;0;0;0;0;0;0;0;0;0;0;0;0;1;0;0;0;0;0;0;0;0;0;0;0;0.2;0;0.1;0;1;0;0.2;0;191.8;0;0;0;0;0;0;0;0;0;0;0;0;0;0;0;0;0;0;0.2;0.1;0.9;0.3;0;0;0;0;0;0;0
"20_Intensive";0;0;0;0;0;0;0;1;0;0;0;1;0;1;1;0;0;0;0;0;0;0;0.1;0;0;0;0;0;0;0;0;0;0;0;0;1.6;0;0;0;0;0;0;0;0;0;0;0;0;0;0;0.3;0;0.1;0;0;0;0;0;0;0;0;0;0;0;0;0;0;0;0;0;2;0;0;0;0;0;0;0;0;5;0;0;0;0;0;0;0;0;0;0;556;0;0;0;0;0;0;0;0;0;0;0;0;0;0;0;0;2.5;0.2;0;0;0;0;0;0;0;0;0;0;0
"21_Intensive";0;0;0;0;0;4;0;1;2;0;0;1;0;7;1.1;0;0;0;0;0;0.2;0;0;0;0;0;0;0;0;0;0;0;0;0;0;1;0;0;0;0;0;0;7;0;0;0;0;0;0;0;0;0;0;1.8;0;0;3;0;0;0;0;0;0;0;0;0;0;0;0;0;2;0;0;0;0;0;0;0;0;1;1.6;0;0.1;0;0;0;3;6.8;0;0;15.2;0;7;0;0;0;0;0;0;0;0;0;0;0;1;0;0;0;0;0;0;0;0;0;0;0;0;0;0;0
"22_Intensive";0;0;0;0;11;0;0.4;2;0;0;0;1;0;2;0.2;0;0;0;0;1;0;0;0;0;0;0;5;0;0;0;2;0;1;0;1;1;0;0;0;0;0;0;0;0;0;0;0;0;0;0;0;0;0;0.2;0;0;4;0;0;0;0;0;0;0;0;0;0;0;0;0;0;0;0;0;1;0;0;0;0;1;0.2;0;0.1;0;0;0;5;0.6;0;0;17;0;6;0;2;0;0;0;0;0;0;0;0;0;12.2;0;0;0;0;0.1;0;0.1;0;0;0;0;0;0;0;0
"23_Intensive";0;0;0;0;8;0;0;0;0;0;0;1;0;1;0;0;0;0;0;3;0;0.1;0;0;0;0;0;0;0;0;0;0;0;0;0;0.2;1;0;0;0;0;0;0;0;0;0;0;0;0;0;0;0;0.1;0;0;0;3;0;0;0;0;0;0;6;0;0;0;0;0;0;0;0;0;2;0;0;0;0;0;0;0;0;0;0;0;0;18;0;0;0;19.4;0;4;0;12;0;0;1;0;0;0;0;0;0;3.4;0;0.1;0.4;0.2;0.1;0;0.3;0;0;0;0;0;0;0;0
"24_Intensive";0;0;0;0;16;1;0.2;2;0;0;0;1;0;0;0.7;0;0;0;0;36;0;0;0;0;0;0;0;0;0;0;13;0;0;0;0;1.1;0;0;0;0;0;0;0;0;0;1;0;0;0;0;0;0;0;0;0;0;0;0;0;0;0;0;0;0;0;0;0;0;0;0;0;0;0;0;0;0;0;0;0;2;0;0;0;0;0;0;9;0.4;0;0;14.2;0.4;16;0;0;0;0;0;0;0;0;0;0;0;0;0;0.1;0.1;0;0;0.3;0;0.1;0;0;0;0;0;0;0
"25_Intensive";0;0;0;0;47;0;0;5;0;0;0;1;0;2;0.1;0;0;0;0.3;2;0;0;0;0;0;0;0;1;0.5;0;3;0;0;0;0;0;0;0;0;0;0;0;0;6;0;0;0;0;0;0;0;1;0;0.6;0;0;0;0;0;0;0;0;0;0;0;0;0;0;0;0;2;0;0;0;0;0;0;0;0;1;1;0;0.1;0;0;0;19;0;0;0;11.4;0.2;8;0;0;0;0;0;0;0;0;0;0;0;43.6;0;0;0;0;0;0;0;0.2;0;0;0;0;0;0;0
"26_Intensive";0;0;0;0;0;0;0;0;1;0;0;0;0;0;0;0;0;0;0;2;0;0;0;0.1;0;0;0;0;0;0;0;0;0;0;0;0.8;0;0;0;0;0;0;9;0;0;0;0.1;0;0;0;0.5;0;0;1;0;0;1;0;0;0;0;0;0;0;0;0;0;0;0;0;1;0;0;0;0;0;0;0;0;0;1.4;0;0.1;0.1;0;0;0;0;0;0;1.4;0;4;0;0;0;0;0;0;0;0;0;0;0;0.2;0;0.1;0.6;0.1;0;0.1;0;0.1;0;0;0;0;0;0;0
"27_Intensive";0;0;0;0;12;0;0;0;0;0;0;2;2;1;1.1;0;0;0;0;1;0.1;0.2;0;0;0;0;3;0;0;0;3;0;0;0;0;0.6;0;0;0.1;0;0;0;6;2;0;1;0;0;0;0.2;0;2;0;0;0;0;1;4;0;0;0;0;0;0;1;0;0;0;0;0;2;0;0;8;0;0;0;0;0;0;0;0;0.1;0;0;0;0;0;0;0;133.2;0;25;0;0;0;0;0;0;0;0;0;0;0;21;0;0;0;0;0;0.1;0.2;0;0;0;0;0;0;0;0
"28_Intensive";0;0;0;0;0;0;0;1;1;0;0;0;0;0;0.1;0;0;0;0;29;0;0.2;0;0;0;0;0;0;0;0;0;0;0;0;0;0;0;0;0;0;0;0;0;0;0;0;0;0;0;0;0;0;0;0;0;0;0;0;0;0;0;0;0;0;0;0;0;0;0;0;0;0;0;0;0;0;0;0;0;0;0.6;0;0;0;0;0;4;0;0;0;11.6;0.4;2;2;0;0;0;0;0;0;0;0;0;0;2;0;0;0;0;0.1;0;0;0.1;0;0;0;0;0;0;0
"29_Intensive";0;0;0;0;0;0;0.8;0;1;0;0;0;0;2;0;0;0;0;0;16;0;0;0;0;0;0;0;0;0;0;0;0;0;0;0;0.1;0;0;0;0;0;0;0;0;0;0;0;0;0;0;0;0;0;1.2;0;0;0;0;0;0;0;0;0;0;0;0;0;0;0;0;0;0;0;0;0;0;0;0;0;0;0;0;0.1;0;0;0;5;0;0;0;12.4;1.2;0;2;0;0;0;0;0;0;0;0;0;0;0.6;0;0;0;0;0;0;0.3;0.2;0;0;0.1;0;0;0;0
"30_Intensive";0;0;0;0;10;0;0;3;1;0;0;2;0;4;0.9;0;0;0;0;32;0;0;0;0;0;0;0;0;0;0;8;0;0;0;0;0.1;0;0;0;0;0;0;3;7;0;4;0;0;0;0.2;0;0;0;2.4;0;0;5;0;0;0;0;0;0;0;1;0;0;0;0;0;1;0;0;0;0;0;0;0;0;0;0.2;0;0;0;0;0;9;0;0;0;10.8;0.2;5;0;2;0;0;0;0;0;0;0;0;0;0;0;0;0;0;0;0;0;0;0;0;0;0;0;0;0
"31_Intensive";0;0;0;0;4;0;0;0;0;0;0;0;0;1;1.5;0;0;0;0;0;0;0;0;0;0;0;0;0;0;0;0;0;0;0;0;0.3;0;0;0;0;0;0;20;0;0;0;0;0;0;0.4;0;0;0;11;0;0;1;0;0;0;0;0;0;1;0;0;0;0;0;0;3;0;0;0;0;0;0;0;0;0;4.6;0;0;0;0;0;5;0;0;0;6;0;13;0;0;0;0;0;5;0;0;0;0;0;7.4;0;0;0;0.1;0;0;0;0;0;0;0;0;0;0.1;0
"32_Intensive";0;0;0;0;0;0;0;6;0;0;0;0;0;0;0.1;0;0;0;0;0;0.1;0;0;0.2;0.1;0;0;0;0;0;0;0;0;0;0;0.9;0;0;0;0;0;0;0;3;0;0;0;0;0;0;0;0;0;0;0;0;8;0;0;0;0;0;0;0;0;0;0;0;0;0;1;0;0;0;0;0;0;0;0;1;0;0;0.5;0.2;0.1;0;9;0;0;0;171.2;0;0;0;0;0;0;0;0;0;0;0;0;0;0;0;0;0;0.2;0.8;0.3;0;0.1;0;0;0;0;0;0;0
"33_Intensive";0;0;0;0;0;0;0;0;0;0;0;0;0;0;0.1;0;0;0;0;10;0;0;0;0;0;0;0;0;0;0;4;0;0;0;0;0;0;0;0.1;0;0;0;3;0;11;2;0;0;0;0;0;0;0;0;0;0;3;0;0;0;0;0;0;0;0;0;0.1;0;0;0;1;0;0;4;0;0;0;0;0;1;0;0;0;0;0;0;0;0;0;0;3.4;0;12;1;0;0;0;0;28;0;0;0;0;0;0.2;0;0;0;0.1;0;0;0;0.1;0;0;0;0;0;0;0
"34_Intensive";0;0;0;0;0;1;0;0;1;2;0;0;0;1;0.3;0;0;0;0;0;0;0;0;0;0.1;0;0;0;0;0;0;0;0;0;0;0.8;3;0;0.1;0;0;0;1;2;0;0;0;0;0;0;0;1;0.1;0.2;0;0;7;0;0;0;3;0;0;0;0;0;0;0;0;0;2;0;0;0;0;0;0;0.1;0;0;28.2;1;0.3;0;0;0;1;0;0;0;209.6;0.4;3;1;9;0;0;0;17;0;0;0;0;0.1;0;0;0;0.4;0;0;0;0;0;0;0;0;0;0;0;0
"35_Intensive";0;0;0;0;0;0;0;2;0;0;0;1;0;0;1.3;0;0;0;0;2;0.1;0;0.1;0;0.1;0;0;0;0;0;0;0;1;0;0;0.6;0;0;0;0;0;0;9;2;1;11;0;0;0;0;0;0;0.1;0;0;0;3;0;0;0;0;0;0;0;0;0;0;0;0;0;0;0;0;0;2;0;0;0;0;0;20.2;0;0;0.6;0.2;0;15;0;0;0;421.6;0;2;1;0;0.2;0;0;5;0;0;0;0;0;30;0;0.1;0.5;0.8;0.9;0;0.2;0.2;0;0;0;0;0;0;0
"36_Intensive";0;0;0;0;0;0;0;0;0;0;0;0;0;3;0.1;0;0;0;0;0;0;0;0;0;0;0;0;0;0;0;0;0;0;0;0;0.1;0;0;0.6;0;0;0;0;0;1;0;0;0;0;0;0;0;0;0;0;0;0;17;0;0;0;0;0;0;0;0;0;0;0;0;0;0;0;0;0;0;0;0;0;0;0;0;0;0;0;0;7;0;0;0;0.4;0;0;0;0;0;0;0;0;0;0;0;0;0;0;0;0;0;0;0;0;0;0;0;0;0;0;0;0;0
"37_Intensive";0;0;0;0;0;1;0;6;2;1;0;0;0;1;0.4;0;0;0;0;0;0;0;0;0;0;0;0;0;0;0;0;0;0;0;0;0;0;0;0.1;0;0;0;0;0;2;0;0;0;0;0;0;0;0;0.8;0;0;2;0;0;0;0;0;0;1;0;0;0;0;0;0;0;0;0;0;0;0;0;0;0;0;2.8;0;0.1;0;0;0;0;0;0;0;16.8;0;10;0;1;0;0;0;0;0;0;0;0;0;2.8;0;0;0;0;0;0;0;0.2;0;0;0;0;0;0;0
"38_Intensive";0;0;0;0;1;0;0;0;0;0;0;1;0;1;0.4;0.2;0;0;0;0;0;0;0;0;0;0;0;0;0;0;3;0;0;0;0;0;0;0;0;0;0;0;2;0;0;0;0;0;0;0;0;0;0;7.6;0;0;23;0;0;0;0;0;0;0;0;0;0;0;0;0;0;0;0;0;1;0;0;0;0;0;1.8;0;0.1;0;0;0;0;0.2;0;1;1.4;0;4;0;1;0;0;0;14;0;0;0;0;0;2;0;0.2;0.3;0.5;0;0;0.1;0.1;0;0;0;0;0;0;0
"39_Intensive";0;0;0;0;3;0;0;0;0;0;0;0;0;0;1;0;0;0;0;0;0;0;0;0;0;0;0;0;0;0;0;0;0;0;0;0.3;0;0;0;0;0;0;0;0;3;4;0;0;0;0;0;0;0.3;0;0;0;2;0;0;0;0;0;0;0;0;0;0;0;0;0;1;0;0;0;0;0;0;0;0;0;7.8;0;0.1;0;0;0;70;0;0;0;95;0;5;4;6;0;0;0;31;0;0;0;0;0;0;0;0.1;0.6;0.7;0;0;0;0;0;0;0;0;0;0;0
"40_Intensive";;;;;11;0;0;0;0;0;0;0;0;0;;0;0;0;;4;;;;;;0;0;0;;;0;0;0;0;0;;0;0;;0;0;0;0;0;0;0;;;0;0;;3;;0;0;0;0;0;0;0;0;;0;14;0;0;;0;0;0;0;;0;1;0;;0;;0;0;0;0;;;;;0;0;0;0;1.8;1.6;5;0;4;;;0;0;0;0;;;;0.6;0;;;;;;;;;;;;;;
"41_Intensive";0;0;0;0;0;0;1;0;0;0;0;0;0;1;0.8;0;0;0;0.1;3;0;0;0;0;0;0;0;0;0;0;0;0;0;0;0;0.5;0;0;0.1;0;0;0;6;0;0;0;0;0;0;0;0;1;0.1;0.4;0;0;13;0;0;0;0;0;0;0;0;0;0;0;0;0;0;0;0;0;0;0;0;0;0;0;0;0;0;0;0;0;10;0;0;0;11.2;4;3;0;0;0;0;0;0;0;0;0;0;0;0.6;0;0;0;0.1;0;0;0;0;0;0.1;0;0;0;0;0
"42_Intensive";0;0;0;0;17;0;0;0;0;0;0;2;0;0;0.6;0;0;0;0;6;0.2;0;0;0;0;0;0;0;0;0;0;0;0;0;0;0.2;0;0;0;0;0;0;3;3;0;0;0.3;0;0;0;0.4;0;0.2;3.8;0;0;1;0;0;0;0;0;0;0;0;0;0;0;0;0;0;0;0;0;0;0;0;0;0;0;0.6;0;0;0;0;0;3;1.6;0;0;0;0;3;0;0;0.1;0;0;0;0;0;0;0;0;6.8;0;0;0;0;0;0;0;0;0;0;0;0;0;0;0
"43_Intensive";0;0;0;0;0;1;0;0;0;0;0;0;0;2;0;0;0;49.8;0;0;0;0;0;0;0;0;0;0;0;0;0;0.2;0;0;0;0.8;0;0;0;0;0;0;0;0;0;2;0;0;0;0;0;0;0;0.6;0;1;0;0;0;0;0;0;0;0;0;0;0;0;0;0;0;0;0;1;0;0;0;0;0;0;0;0;0;0;0;0;4;0;0;0;0.2;0;7;0;28;0;0;0;1;0;0;0;0;0;1.4;0;0;0;0;0;0;0;0;0;0;0;0;0;0;0
"44_Intensive";0;0;0;0;;;1;;;;;;;;0.6;0;0;0;0;0;0.1;0;0.1;0;0;0;0;0;0;0;0;0;;;;0.5;0;0;0;0;0;0;0;0;0;0;0.1;0;0;0;0;0;0.4;12.2;0;0;7;0;0;0;0;0;0;0;0;0.2;0;;;;;0;0;0;0;0;0;0;;;2.4;0;0.1;0.1;0;0;0;0;0;0;0.2;0;2;0;0;0;0;0;0;0;0;0;0;0;0;0;0.1;0.1;0;0;0;0;0;0;0;0;0;0;0;0
"45_Intensive";0;0;0;0;1;1;0;2;1;1;0;3;0;1;1.3;0;0;0;0;1;0;0;0;0;0.1;0;0;0;0;0;0;0;0;0;0;0.7;0;0;0;0;0;0;0;5;4;0;0;0;0;0;0.1;0;0;3.6;0;0;9;0;0;0;0;0;0;0;0;0;0;0;0;0;0;0;0;1;0;0;0;0;0;0;0.2;0;0;0;0;0;6;0.2;0;0;0.2;0;54;0;0;0;0;0;0;0;0;0.1;0;0.3;0;0;0.8;0.1;0.6;0;0;0;0;0;0;0;0;0;0;0
"46_Intensive";0;0;0;0;1;0;1.2;6;1;1;0;9;6;1;0.3;0;0;0;0;0;0.1;0;0;0.1;0;0;0;0;0;0;0;0;0;0;0;0;35;0;0;0;0;0;16;0;0;0;0;0;0;0.2;0;20;0;4;0;0;36;0;0;0;0;0;0;41;0;0;0;3;0;0;0;0;0;0;0;0;0;0;0;0;0.2;0;0;0;0;0;2;0;0;1;0.8;0;2;1;0;0;0;0;5;1;0;0;0.2;0;3.8;0;0.2;1.5;0.6;0;0;0;0;0;0;0;0;0;0;0
"47_Intensive";0;0;0;0;12;0;0;2;0;0;0;0;0;0;0;0;0;0;0;30;0;0;0;0;0;0;0;0;0.4;0;0;0;0;0;0;0;0;0;0;0;0;0;0;5;0;0;0;0;0;0;0;1;0;0.4;0;0;0;0;0;0;0;0;0;0;0;0;0;0;0;0;0;0;0;2;0;0;0;0;0;1;0;0;0;0;0;0;3;0;0;0;2.6;0;3;1;2;0;0;0;0;0;0;0;0;0;19.2;0;0.1;0;0;0;0;0.3;0.1;0;0;0;0;0;0;0
"48_Intensive";0;0;0;0;0;2;0;1;0;0;0;1;0;1;0.1;0;0;0;0;14;0;0;0.2;0.3;0;0;0;0;0;0;3;0;0;0;0;0.2;0;0;0;0;0;0;0;0;0;3;0;0;0;0;0.2;0;0.1;0;0;0;3;0;0;0;0;0;0;0;0;0;0;0;0;0;0;0;0;0;0;0;0;0;0;0;14.2;0;0.3;0;0;0;11;2.2;0;1;27.4;0;0;2;7;0.1;0;0;3;0;0;0;0;0;1;0;0;0.1;0;0;0;0;0;0;0;0;0;0;0;0
"49_Intensive";0;0;0;0;2;0;0;0;0;0;0;1;0;0;0.6;0;0;0;0;0;0;0.1;0;0;0.1;0;0;0;0;0;0;0;0;0;0;1;0;0;0;0;0;0;10;0;0;0;0;0;0;0;0;0;0;0.2;0;0;1;0;0;0;0;0;0;1;0;0;0;0;0;0;0;0;0;0;0;0;0;0;0;0;1.8;0;0.1;0;0;0;0;0.4;0;0;31.4;0;1;2;1;0;0;0;21;0;0;0;0;0;3.2;0;0;0;0;0;0;0.1;0.1;0;0;0;0;0;0;0
"50_Intensive";0;0;0;0;11;0;0;7;1;0;0;4;0;0;0.4;0;0;0;0;18;0;0;0;0;0;0;0;0;0.1;0;2;0;0;0;0;0.2;0;0;0;0;0;0;47;0;1;0;0;0;0;0;0.4;1;0;0.8;0;0;4;0;0;0;0;0;0;0;0;0;0;0;0;0;1;0;0;0;0;0;0;0;0;2;0;0;0;0;0;0;10;0.4;0;1;14.4;0.2;20;5;0;0;0;0;0;0;0;0;0;0;0.8;0;0.1;0.6;0.1;0.1;0;0;0;0;0;0;0;0;0;0
"51_Intensive";0;0;0;0;1;0;0;0;2;0;0;0;0;0;0.4;0;0;0;0;0;0;0;0;0;0;0;0;0;0;0;0;0;0;0;0;1.1;0;0;0;0;0;0;0;0;0;0;0;0;0;0;0;0;0.1;2.8;0;1;2;0;0;0;0;0;0;2;0;0;0;0;0;0;0;0;0;0;0;0;0;0;0;1;0;0;0;0;0;0;8;0;0;0;1;0;7;0;0;0;0;0;15;0;0;0;0;0;7.8;0;0;0;0;0.8;0;0;0.1;0;0;0;0;0;0;0
"52_Intensive";0;0;0;0;0;0;0;0;2;0;0;0;0;0;1.5;0;0;0;0;0;0;0;0;0.1;0;0;0;0;0;0;0;0;0;0;0;1.2;0;0;0;0;0;0;0;8;5;3;0;0;0;0;0;0;0.2;0.6;0;0;5;0;0;0;0;0;0;0;0;0;0;0;0;0;2;0;1;0;4;0;0;0;0;1;3.2;0;0.1;0;0.1;0;21;0;0;1;60.6;0;11;2;0;0.1;0;0;13;0;0;0;0;0;0;0;0;0;0;0.1;0;0;0;0;0;0;0;0;0;0
"53_Intensive";0;0;0;0;0;1;0;0;0;0;0;0;0;0;0.5;0;0;0;0;0;0;0;0;0.1;0.1;0;0;0;0;0;0;0;0;0;0;1.1;0;0;0;0;0;0;0;0;0;3;0;0;0;0;0;0;0.6;1.4;0;0;0;0;0;0;0;0;0;0;0;0;0;0;0;0;0;0;0;0;0;0;0;0;0;0;0;0;0;0;0;0;1;0;0;0;1.2;0;0;6;2;0.1;0;0;1;0;0;0;0;0;0.4;0;0;0;0;0.3;0;0;0;0;0;0;0;0;0;0
"54_Intensive";0;0;0;0;12;0;0;0;0;0;0;1;0;0;0.8;0;0;0;0;0;0;0.1;0;0;0;0;0;0;3.1;0;0;0;0;0;0;0.6;0;0;0;0;0;0;0;0;0;0;0;0;0;0;0;0;0;0;0;0;1;0;0;1;0;0;0;0;0;0;0;0;0;0;0;0;0;0;0;0;0;0;0;0;0;0;0;0;0;0;6;4.8;0;0;15.8;0;5;0;0;0;0;0;0;0;0;0;0;0;8.6;0;0.1;1;1.1;0.4;0;1.2;0.8;0;0;0.1;0;0;0;0
"55_Intensive";0;0;0;0;2;0;0;1;0;0;0;0;0;0;0.7;0;0;0;0;0;0;0;0;0;0;0;0;0;0;0;3;0;0;0;0;0;0;0;0;0;0;0;0;0;0;0;0;0;0;0;0.3;0;0;1.4;0;0;1;0;0;0;0;0;0;13;0;0;0;0;0;0;0;0;0;7;0;0;0;0;0;0;0.4;0;0.1;0;0;0;11;0.2;0;0;8.8;1.2;0;0;0;0;0;0;2;0;0;0;0;0;2.4;0;0;0.1;0.3;0;0;0;0;0;0;0;0;0;0;0
"56_Intensive";0;0;0;0;7;0;0.6;1;0;0;0;2;0;0;0.4;0;0;0;0;7;0;0;0;0;0;0;0;0;0;0;1;0;0;0;0;0.2;0;0;0;0;0;0;0;0;0;0;0;0;0;0;0;0;0;0;0;0;0;0;0;0;0;0;0;3;0;0;0;0;0;0;0;0;0;0;0;0;0;0;0;0;0;0;0;0;0;0;0;0;0;0;1.8;0;17;0;9;0;0;0;0;0;0;0;0;0;2.4;0;0;0;0;0;0;0;0;0;0;0;0;0;0;0
"57_Intensive";;;;;8;0;0;10;4;0;0;0;1;4;;0;0;0;;7;;;;;;0;0;0;;;0;0;0;0;0;;0;0;;0;1;2;1;2;0;0;;;0;0;;0;;0.8;0;0;0;0;0;0;0;;0;0;0;0;;0;0;0;1;;0;0;0;;0;;0;0;0;0;;;;;1;0;0;0;2;0.4;12;0;0;;;0;0;0;0;;;;3.2;0;;;;;;;;;;;;;;
"58_Intensive";0;0;0;0;1;0;0.2;1;0;0;0;0;0;1;0.8;0;0;0;0;4;0;0;0.2;0;0.1;0;0;0;0;0;0;0;0;0;0;0.2;0;0;0;0;1;0;23;0;0;4;0;0;0;0;1.1;0;0.2;0.8;0;0;6;0;0;0;0;0;0;0;0;0;0;0;0;0;2;0;0;0;0;0;0;0;0;0;0.6;0;0.1;0;0;0;3;0.2;0;0;9.6;0;5;0;0;0;0;0;0;0;0;0;0;0;0.4;0;0;0;0.1;0;0;0;0;0;0;0;0;0;0;0
"59_Intensive";0;0;0;0;6;0;0.2;4;0;0;0;0;0;0;0;0;0;12;0;14;0;0;0;0;0;0;0;0;0;0;1;0;0;0;0;0.2;0;0;0;0;0;0;0;0;0;0;0;0;0;0;0;0;0;0.2;0;0;0;0;0;0;0;0;0;0;0;0;0;0;0;0;0;0;0;0;0;0;0;0;0;0;0;0;0;0;0;0;0;0;0;0;34.2;0;0;0;1;0;0;0;0;0;0;0;0;0;0;0;0;0.3;0.1;0;0;0;0;0;0;0;0;0;0;0
"60_Intensive";0;0;0;0;1;0;0;0;1;0;0;0;0;1;0.9;0;0;0;0;1;0.1;0;0;0;0;0;0;0;0;0;2;0;0;0;0;0.4;0;0;0;0;0;0;29;0;1;1;0;0;0;0.4;0;0;0;1.6;0;0;2;0;0;0;0;0;0;4;0;0;0;0;0;0;1;0;0;3;0;0;0;0;0;0;2.2;0;0;0;0;0;3;1.6;0;0;16;1.6;2;2;0;0;0;0;2;0;9;0;0;0;17;0;0;1.2;0.1;0;0;0.2;0.1;0;0;0;0;0;0;0
"61_Intensive";0;0;0;0;12;0;0;0;0;0;0;1;0;1;0.5;1.2;0;0;0;3;0;0;0;0;0;0;1;0;0;0;0;0;0;0;1;1.1;4;0;0.1;0;0;0;1;9;0;0;0;0;0;0;0;0;0.1;0;0;3;4;27;0;0;0;0;0;0;0;0;0;0;0;0;0;0;0;0;0;0;0;0;0;1;0;0;0.2;0;0;0;4;0;0;0;22.8;0;26;0;4;0;0;0;10;0;1;0;0;0;0;0;0;0.2;1;0;0;0;0;0;0;0;0;0;0;0
"62_Intensive";0;0;0;0;17;0;0;7;0;0;0;2;0;1;0.7;0;0;0;0;7;0;0;0;0.1;0;0;0;0;0.3;0;0;0;0;0;0;0.2;0;0;0;0;0;0;0;0;0;0;0;0;0;0;0;2;0;0;0;0;0;0;0;0;0;0;0;0;0;0;0;0;0;0;0;0;0;0;0;0;0;0;0;2;6;0;0;0;0;0;25;1;0;0;70;0;0;0;2;0;0;0;0;0;0;0;0;0;60;0;0;0;0.1;0;0;0.1;0;0;0;0;0;0;0;0
"63_Intensive";0;0;0;0;0;0;0.4;1;0;0;0;0;0;2;0.5;7;0;0.2;0;4;0;0;0;0;0;0;0;0;0;0;9;0;0;0;0;0.1;0;0;0;0;0;0;0;0;0;0;0;0;0;0;0.1;0;0;0.4;0;30;0;4;0;0;0;0;0;0;0;0;0;0;0;0;1;0;0;2;0;0;0;0;0;0;0;0;0.1;0;0;0;0;0.2;0;0;19;2;2;0;0;0;0;0;0;0;0;0;0;0;0;0;0.1;0;0;0;0.1;0;0.1;0;0;0;0;0;0;0
"64_Intensive";0;0;0;0;3;0;0;0;0;0;0;0;0;0;0.1;0.4;0;6;0;0;0;0;0.1;0;0.1;0;301;0;0.7;0;3;4.2;0;0;0;0.3;0;0;0;0;0;0;0;0;0;0;0;0;0;0;0;0;0.1;0.2;0;0;0;0;0;0;0;0;0;0;0;0;0;0;0;0;0;0;0;2;1;0;0;0;0;0;3.6;0;0.4;0;0.3;0;26;22.4;0;0;76.8;4.6;0;0;0;0.2;0;0;1;0;0;0;0;0;0;0;0.3;2.1;1.4;0.1;0;0;0;0;0;0.1;0;0;0;0
"65_Intensive";0;0;0;0;1;0;0;0;2;1;0;1;0;3;0.6;0;0;0;0;19;0;0.1;0;0;0;0;0;0;0;0;25;0;0;0;0;0.3;0;0;0.1;0;0;0;0;0;0;4;0;0;0;0;0.1;0;0;1.4;0;0;1;0;0;0;0;0;0;0;0;0;0;0;0;0;1;0;0;4;0;0;0;0;0;0;0;0;0;0;0;0;0;0;0;0;27.2;1.4;4;1;3;0;0;0;0;0;0;0;0;0;1.2;0;0;0;0;0;0;0;0.1;0;0;0;0;0;0;0
"66_Intensive";0;0;0;0;12;0;0;1;0;0;0;0;0;2;0.6;0;0;0;0;0;0;0;0;0;0;0;0;0;0;0;0;0;0;0;0;0.9;3;0;0;0;0;0;9;2;0;0;0;0;0;0;0;0;0;0;0;0;1;0;0;0;0;0;0;1;0;0;0;0;0;0;1;0;0;0;0;0;0;0;0;1;0;0;0.5;0;0.1;0;0;0;0;0;412;0;0;0;0;0;0;1;0;0;0;0;0;0;0;0;0.2;0.6;0.7;0.1;0.1;0;0.1;0;0;0;0;0;0;0
"67_Intensive";0;0;1;0;0;0;0.6;0;0;0;0;0;0;0;1.5;0;0;0;0;0;0.2;0;0.1;0.2;0.4;0;0;0;0;0;0;0;0;0;0;0.2;0;0;0;0;0;0;13;0;0;0;0;0;0;0;0;0;0.1;1.4;0;0;0;0;0;0;0;0;0;0;0;0;0;0;0;0;1;0;0;0;0;0;0;0;0;0;0;0;0.1;0;0.3;0;0;0.2;0;0;183;0;0;0;0;0;0;0;2;0;0;0;0;0;0.4;0;0.4;1.8;1.4;0;0;0;0;0;0;0;0;0;0;0
"68_Intensive";0;0;0;0;0;0;5.6;0;0;0;0;0;1;1;0.1;0;0;0;0;55;0.1;0;0;0;0;0;0;0;0;0;11;0;0;0;0;0;0;0;0;0;0;0;0;0;0;0;0;0;0;0.2;0;0;0;0;0;3;0;0;0;0;0;0;0;0;0;0;0;0;0;0;0;0;0;0;0;0;0;0;0;0;1.2;0;0;0;0;0;2;0;0;0;5.2;0.2;10;0;0;0;0;0;0;0;0;0;0;0;9.4;0;0;0;0;0;0;0;0.1;0;0;0;0;0;0;0
"69_Intensive";0;0;0;0;0;0;0;0;0;0;0;0;0;0;0.8;0;0;0;0;0;0.1;0;0;0.2;0;0;0;0;0;0;0;0;0;0;0;0.3;0;0;0;0;0;0;7;0;0;1;0;0;0;0;0;0;0;0.8;0;1;6;0;0;0;0;0;0;15;0;0;0;0;0;0;0;0;0;0;2;0;0;0;0;1;0.2;0;0.1;0;0;0;3;0;0;0;81.6;0;0;2;3;0;0;0;6;0;0;0;0;0;3;0;0;0;0;0;0.1;0;0;0;0;0;0;0;0;0
"70_Intensive";0;0;0;0;0;0;0.4;0;1;0;0;0;0;0;0.8;0;0;0;0;15;0;0.1;0;0;0;0;0;0;0;0;0;0;0;0;0;1.4;0;0;0;0;0;0;0;0;0;0;0;0;0;0;0;0;0.6;0;0;0;5;0;0;0;0;0;0;0;0;0;0;0;0;0;1;0;0;0;0;0;0;0;0;0;0;0;0;0;0;0;0;0;0;1;0.6;0;5;0;3;0;0;0;0;0;0;0;0;0;3.2;0;0;0;0;0;0;0;0;0;0;0;0;0;0;0
"71_Intensive";0;0;0;0;1;1;0;0;0;0;0;0;0;0;0.3;0;0;0;0;0;0.1;0.1;0;0;0;0;0;0;0;0;0;0;0;0;0;0.8;0;0;0.1;0;0;0;0;3;0;4;0;0;0;0;0;0;0.1;0;0;0;2;0;0;0;0;0;0;21;0;0;0;0;0;0;0;0;0;3;0;0;0;0;0;0;1.6;0;0;0;0;0;0;0;0;0;51.6;0;6;0;0;0.1;0;0;0;0;0;0;0;0;14.6;0;0;0.1;0;0;0;0;0.1;0;0;0;0;0;0;0
"72_Intensive";0;0;0;0;0;0;0;0;0;0;0;1;0;0;0.3;0;0;0;0;0;0;0;0;0;0;0;0;0;0;0;0;0;0;0;0;0.2;0;0;0;0;0;0;0;0;0;0;0;0;0;0;0;0;0.2;0;0;3;0;0;0;0;0;0;0;0;0;0;0;0;0;0;2;0;0;0;0;0;0;0;0;0;3;0;0;0;0;0;0;0;0;0;236;0;2;0;0;0;0;0;3;0;0;0;0;0;0;0;0.4;0.2;0.1;0;0;0;0;0;0;0;0;0;0;0
"73_Intensive";0;0;0;0;0;0;0;0;0;0;0;0;0;0;0;0;0;0;0;0;0;0;0;0;0;0;0;0;0;0;0;0;0;0;0;0;0;0;0;0;0;0;0;0;0;0;0;0;0;0;0.1;0;0.1;2.4;0;0;0;0;0;0;0;0;0;0;0;0;0;0;0;0;0;0;0;0;0;0;0;0;0;0;2.6;0;0;0;0;0;3;10;0;5;2;0.2;6;9;0;0;0;0;1;0;0;0;0;0;4;0;0;0;0;0;0;0;0;0;0;0;0;0;0;0
"74_Intensive";0;0;0;0;1;0;0;0;1;0;0;0;0;0;1.2;0;0;0;0;15;0;0;0;0;0.2;0;0;0;0;0;0;0;0;0;0;0.2;0;0;0;0;0;0;5;0;0;0;0;0;1;0;0.3;1;0;0.6;0;0;1;0;0;0;0;0;0;1;0;0;0;0;0;0;0;0;0;1;0;0;0;0;0;1;0.2;0;0;0;0;0;11;0.2;0;1;13.2;0.2;6;0;0;0;0;0;1;0;1;0;0;0;2;0;0;0;0;0;0;0;0;0;0;0;0;0;0;0
"75_Intensive";0;0;0;0;5;2;0;0;0;0;0;1;0;4;0.2;0;0;0;0;2;0;0;0;0.1;0.1;0;0;0;0;0;0;0;0;0;0;0.5;0;0;0;0;0;0;26;2;0;0;0.5;0;0;0;0.4;0;0;1.4;0;0;1;0;0;0;0;0;0;0;0;0;0;0;0;0;2;0;0;0;0;0.3;0;0;0;0;0;0;0;0;0;0;0;0;0;0;0.4;0;8;0;0;0.2;0;0;3;0;21;0;0;0;0.2;0;0.2;1.4;0.3;0.1;0;0;0;0;0;0;0;0;0;0
"76_Intensive";0;0;0;0;9;0;0;0;0;0;0;1;0;0;0.3;0;0;0;0;13;0;0;0;0;0;0;0;0;0;0;0;0;0;0;0;0;0;0;0;0;0;1;4;1;1;4;0;0;0;0;0;4;0;2.4;0;0;4;0;0;0;0;0;0;0;0;0;0;0;0;0;0;0;0;1;0;0;0;0;0;0;1;0;0;0;0.1;0;0;1.6;0;0;9.4;0;2;1;0;0;0;0;8;0;0;0;0;0;2;0;0;0.1;0.1;0;0;0;0;0;0;0;0;0;0;0
"77_Intensive";0;0;0;0;7;0;0.8;0;0;4;0;1;0;4;0.6;0;0;0;0;14;0;0.1;0;0;0;0;0;0;0;0;17;0;0;0;0;0;0;0;0;0;0;0;0;0;0;0;0;0;0;0;0.1;0;0;2;0;1;5;0;0;0;0;0;0;0;0;0;0;0;0;0;1;0;0;0;0;0;0;0;0;0;0;0;0;0;0;0;2;1;0;0;0.4;0;0;0;0;0;0;0;0;0;0;0;0;0;1.8;0;0;0;0;0;0;0;0;0;0;0;0;0;0;0
"78_Intensive";0;0;0;0;0;0;0;1;0;0;0;0;0;0;0.3;0;0;0;0;21;0;0;0;0;0;0;2;0;0;0;2;0;0;0;0;0;0;0;0;0;0;0;0;0;0;0;0;0;0;0;0;0;0;0;0;0;2;0;0;0;0;0;0;4;0;0;0;0;0;0;0;0;0;0;0;0;0;0;0;2;0.2;0;0;0;0;0;0;0;0;0;3.6;1.2;4;1;0;0;0;0;0;0;0;0;0;0;0.2;0;0;0;0;0;0;0;0.1;0;0;0;0;0;0;0
"79_Intensive";0;0;0;0;3;0;0;2;0;0;0;0;0;0;0.8;0;6;0;0;3;0;0;0;0;0;0;0;0;0.5;0.1;0;0;0;0;0;0;0;0;0;0;0;0;10;0;0;0;0;0;0;0;0;0;0;0;0;0;0;0;0;0;0;0;0;0;0;0;0;0;0;0;1;0;0;0;0;0;0;0;0;0;0;0;0;0;0;0;4;0;0;0;118.2;0;0;2;0;0;0;0;0;0;0;0;0;0;6;0;0;0;0.2;0.1;0;0;0.2;0;0;0;0;0;0;0
"80_Intensive";0;0;0;0;0;0;0;1;1;0;0;0;0;1;1.4;0;0;0;0;0;0;0;0.3;0;0;0;0;0;0;0;0;0;0;0;0;0.2;0;0;0;0;0;0;28;0;0;0;0;0;0;0;0.5;1;0;0;0;0;1;0;0;0;0;0;0;0;0;0;0;0;0;0;0;0;0;0;0;0;0;0;0;0;2;0;0.2;0.1;0;0;5;2;0;0;141;0;1;3;1;0;0;0;0;0;1;0;0;0;11;0;0;0;0;0.2;0;0;0;0;0;0;0.1;0;0;0
"81_Intensive";0;0;0;0;0;0;0;0;0;0;0;1;0;0;1.8;0;0;0;0;0;0;0;0.1;0.7;0.2;0;0;0;0;0;0;0;0;0;0;0.6;0;0;0;0;0;0;0;0;0;1;0;0;0;0;0;1;0.5;3.4;0;0;1;0;0;0;0;0;0;0;3;0;0;0;0;0;1;0;0;1;0;0;0;0;0;0;0.4;0;0.1;0.4;0.2;0;1;5.4;0;0;37;0;4;0;0;0;0;0;1;0;1;0;0;0;0;0;0;0.4;0;0;0;0;0;0;0;0;0;0;0;0
"82_Intensive";0;0;0;0;0;0;0;0;0;0;0;0;0;0;0.2;0;0;0;0;0;0.1;0.3;0;0;0;0;0;0;0;0;30;0;0;0;0;0.4;0;0;0;0;0;0;0;0;0;0;0;0;0;0;0;0;0.2;0.4;0;0;8;0;0;0;0;0;0;0;0;0;0;0;0;0;0;0;0;0;0;0;0;0;0;0;0;0;0;0;0;0;0;0.6;0;0;2.4;0;6;0;5;0.1;0;0;0;0;0;0;0;0;5.4;0;0;0;0;0;0.4;0.1;0.2;0;0;0;0;0;0;0
"83_Intensive";0;0;0;0;0;0;0;0;0;0;0;1;0;1;1.3;0;0;0;0;0;0;0.1;0.7;0.6;0.2;0;0;0;0;0;0;0;0;0;0;0.8;0;0;0;0;0;0;19;0;3;0;0;0;0.2;0;0.1;0;0.3;6.8;0;8;5;0;0;0;0;0;0;6;0;0;0;0;0;0;5;0;0;1;0;0;0;0;0;0;6.2;0;0.2;0;0.1;0;1;7.4;0;0;101.6;0;26;6;0;0.1;0;0;13;0;0;0;0;0;0.4;0;0;0;0;0;0;0;0;0;0;0;0;0;0;0
"84_Intensive";0;0;0;0;4;0;0;0;0;0;0;0;0;1;0.2;0;0;0;0;0;0;0;0;0;0;0;0;0;0;0;0;0;0;0;0;0.1;0;0;0;0;0;0;0;0;0;0;0;0;0;0;0;0;0;0;0;0;0;0;0;0;0;0;0;0;0;0;0;0;0;0;0;0;0;0;0;0;0;0;0;0;0;0;0;0;0;0;0;0;0;0;1.2;0.2;0;0;0;0;0;0;0;0;0;0;0;0;1;0;0;0;0;0;0;0;0;0;0;0;0;0;0;0
"85_Intensive";0;0;0;0;1;0;0.6;0;0;0;0;0;0;0;0.3;0;0;0;0;82;0;0;0;0;0;0;0;0;0;0;10;0;0;0;0;0.1;0;0;0;0;0;0;0;0;0;0;0;0;0;0.8;0;3;0;0.2;0;0;1;0;0;0;0;0;0;2;0;0;0;0;0;0;0;0;0;3;0;0;0;0;0;0;0;0;0;0;0;0;10;0.2;0;0;0.8;0.8;9;0;0;0;0;0;0;0;0;0;0;0;1;0;0;0;0.1;0;0;0;0;0;0;0;0;0;0;0
