"vertical";"body_size"
"Acicula_lineata";"surface";3.75
"Aegopinella_minor";"mixed";10
"Aegopinella_nitens";"mixed";10
"Aegopinella_pura";"surface";3.75
"Allolobophora_chlorotica_chlorotica";"soil";80
"Allolobophora_icterica";"soil";90
"Androniscus_roseus";"soil";0.35
"Aporrectodea_caliginosa_caliginosa";"soil";80
"Aporrectodea_caliginosa_nocturna";"mixed";150
"Aporrectodea_caliginosa_tuberculata";"soil";120
"Aporrectodea_giardi_giardi";"mixed";250
"Aporrectodea_longa_longa";"mixed";170
"Aporrectodea_longa_ripicola";"mixed";170
"Aporrectodea_rosea_rosea";"soil";85
"Arion_sp";"surface";80
"Armadillidium_nasatum";"surface";2.05
"Armadillidium_versicolor";"surface";1.745
"Armadillidium_vulgare";"surface";1.733
"Boettgerilla_pallens";"soil";60
"Bourletiella_hortensis";"surface";0.18
"Carychium_tridentatum";"mixed";1.25
"Cecilioides_acicula";"soil";53.1
"Cepaea_hortensis";"surface";22.5
"Cepaea_nemoralis";"surface";22.5
"Cepaea_sp";"surface";22.5
"Ceratophysella_bengtssoni";"mixed";0.13
"Ceratophysella_denticulata";"mixed";0.18
"Choreutinula_inermis";"mixed";0.15
"Cochlicopa_lubrica_or_lubricella";"mixed";10
"Columella_edentula";"surface";3.75
"Cryptopygus_thermophilus";"mixed";0.1
"Cylisticus_convexus";"soil";1.35
"Dendrobaena_octaedra";"surface";60
"Dendrodrilus_rubidus_rubidus";"surface";60
"Dendrodrilus_subrubicundus";"surface";90
"Deroceras_sp";"surface";30
"Desoria_violacea";"mixed";0.24
"Dicyrtomina_ornata";"surface";0.3
"Discus_rotundatus";"mixed";10
"Entomobrya_marginata";"surface";0.2
"Entomobrya_multifasciata";"surface";0.2
"Folsomia_candida";"soil";0.3
"Folsomia_quadrioculata";"mixed";0.25
"Folsomia_similis";"soil";0.09
"Folsomia_spinosa";"soil";0.11
"Folsomides_parvulus";"soil";0.09
"Fruticicola_fruticum";"surface";19.4
"Galba_truncatula";"surface";2.75
"Haplophthalmus_danicus";"soil";0.4
"Haplophthalmus_mengei";"soil";0.3
"Helix_pomatia";"surface";22.5
"Heteromurus_nitidus";"soil";0.3
"Hygromia_cinctella";"surface";10
"Hyloniscus_riparius";"soil";0.8
"Hypogastrura_purpurescens";"mixed";0.23
"Isotoma_viridis";"mixed";0.6
"Isotomiella_minor";"soil";0.12
"Isotomurus_balteatus";"mixed";0.13
"Isotomurus_graminis";"mixed";0.3
"Isotomurus_palustris";"mixed";0.34
"Kalaphorura_burmeisteri";"surface";0.31
"Laciniaria_plicata";"mixed";10
"Lepidocyrtus_cyaneus";"surface";0.15
"Lepidocyrtus_lignorum";"surface";0.2
"Lepidocyrtus_violaceus";"surface";0.16
"Ligidium_hypnorum";"surface";0.871
"Limax_maximus";"surface";150
"Lumbricus_castaneus";"surface";60
"Lumbricus_festivus";"surface";95
"Lumbricus_rubellus_rubellus";"surface";130
"Lumbricus_terrestris";"mixed";250
"Macrogastra_attenuata";"mixed";17.5
"Megalothorax_minimus";"soil";0.04
"Mesaphorura_macrochaeta";"soil";0.07
"Metaphorura_affinis";"soil";0.13
"Monachoides_incarnatus";"mixed";13.1
"Neanura_muscorum";"mixed";0.35
"Nesovitrea_hammonis";"mixed";3.75
"Octolasion_cyaneum";"soil";140
"Octolasion_tyrtaeum_lacteum";"soil";160
"Oniscus_asellus";"surface";1.633
"Onychiuroides_granulosus";"soil";0.15
"Oxychilus_cellarius";"soil";10
"Oxychilus_draparnaudi";"mixed";13.1
"Oxychilus_sp";"mixed";11.55
"Paralaoma_servilis";"mixed";1.25
"Parisotoma_notabilis";"mixed";0.1
"Philoscia_muscorum";"surface";1.057
"Platyarthrus_hoffmannseggi";"soil";0.3
"Pogonognathellus_flavescens";"mixed";0.65
"Porcellio_scaber";"surface";1.511
"Porcellionides_pruinosus";"mixed";1.05
"Protaphorura_pulvinata";"soil";0.17
"Pseudosinella_alba";"soil";0.11
"Pseudosinella_petterseni";"soil";0.18
"Punctum_pygmaeum";"mixed";1.25
"Pupilla_muscorum";"surface";3.75
"Schoettella_ununguiculata";"mixed";0.17
"Sminthurinus_aureus";"mixed";0.1
"Sphaeridia_pumilis";"mixed";0.05
"Stenaphorura_denisi";"soil";0.13
"Succinea_putris";"surface";13.13
"Succinella_oblonga";"mixed";10
"Tandonia_budapestensis";"surface";35
"Trachelipus_rathkii";"surface";1.4
"Trichoniscus_pygmaeus";"soil";0.225
"Trochulus_clandestinus";"mixed";10
"Trochulus_sericeus";"surface";10
"Trochulus_sp";"mixed";10
"Vallonia_costata";"mixed";2.5
"Vallonia_excentrica";"surface";1.88
"Vallonia_pulchella";"mixed";2.5
"Vallonia_sp";"mixed";2.293333333
"Vertigo_antivertigo";"surface";1.25
"Vertigo_pusilla";"mixed";1.25
"Vertigo_pygmaea";"mixed";1.25
"Vertigo_sp";"mixed";1.25
"Vitrea_contracta";"soil";2.5
"Vitrea_crystallina";"mixed";3.75
"Vitrinobrachium_breve";"soil";3.75
